{
	"textures": {
		"spyglass": "item/spyglass"
	},
	"elements": [
		{
			"from": [7, 6.5, 7],
			"to": [9, 13.5, 9],
			"faces": {
				"north": {"uv": [0, 2, 2, 13], "texture": "#spyglass"},
				"east": {"uv": [0, 2, 2, 13], "texture": "#spyglass"},
				"south": {"uv": [0, 2, 2, 13], "texture": "#spyglass"},
				"west": {"uv": [0, 2, 2, 13], "texture": "#spyglass"},
				"up": {"uv": [4, 8, 9, 13], "texture": "#spyglass"},
				"down": {"uv": [0, 13, 2, 15], "texture": "#spyglass"}
			}
		},
		{
			"from": [6.8, 3.4, 6.8],
			"to": [9.2, 6.6, 9.2],
			"rotation": {"angle": 0, "axis": "y", "origin": [8, 8, 8]},
			"faces": {
				"north": {"uv": [0, 10, 2, 13], "texture": "#spyglass"},
				"east": {"uv": [0, 10, 2, 13], "texture": "#spyglass"},
				"south": {"uv": [0, 10, 2, 13], "texture": "#spyglass"},
				"west": {"uv": [0, 10, 2, 13], "texture": "#spyglass"},
				"up": {"uv": [0, 6, 2, 8], "texture": "#spyglass"},
				"down": {"uv": [3, 1, 9, 7], "texture": "#spyglass"}
			}
		},
		{
			"from": [6.9, 7.4, 6.9],
			"to": [9.1, 8.6, 9.1],
			"faces": {
				"north": {"uv": [0, 11, 2, 13], "texture": "#spyglass"},
				"east": {"uv": [0, 11, 2, 13], "texture": "#spyglass"},
				"south": {"uv": [0, 11, 2, 13], "texture": "#spyglass"},
				"west": {"uv": [0, 11, 2, 13], "texture": "#spyglass"},
				"up": {"uv": [0, 3, 2, 5], "texture": "#spyglass"},
				"down": {"uv": [0, 3, 2, 5], "texture": "#spyglass"}
			}
		}
	],
	"gui_light": "front",
	"display": {
		"thirdperson_righthand": {
			"translation": [0, -2, 0]
		},
		"ground": {
			"rotation": [90, 0, 0]
		},
		"gui": {
			"rotation": [-67.5, 0, 45],
			"scale": [1.5, 1.5, 1.5]
		},
		"head": {
			"rotation": [90, 0, 0],
			"translation": [0, 0, -16],
			"scale": [1.6, 1.6, 1.6]
		},
		"fixed": {
			"translation": [0, 0, -1.5],
			"scale": [1.5, 1.5, 1.5]
		}
	}
}
