{
"credit": "Asp_Blackhole",

"parent": "block/block",
"ambientocclusion": false,

	"textures": {
		"particle": "block/glass",
		"glass": "block/glass",
		"obsidian": "block/obsidian",
		"beacon": "block/beacon"
		},

	"elements": [
		{
			"name": "Obsidian base",
			"from": [2, 0, 2],
			"to": [14, 3, 14],
"rotation": {"angle": 0, "axis": "y", "origin": [8, 1.5, 8]},
"faces": {
"north": {"uv": [1, 13, 13, 16], "texture": "#obsidian"},
"east": {"uv": [3, 13, 15, 16], "texture": "#obsidian"},
"south": {"uv": [3, 13, 15, 16], "texture": "#obsidian"},
"west": {"uv": [1, 13, 13, 16], "texture": "#obsidian"},
"up": {"uv": [2, 2, 14, 14], "texture": "#obsidian"},
"down": {"uv": [2, 2, 14, 14], "texture": "#obsidian"}
}},
		{
			"name": "Iron1",
			"from": [11, 1, 1.5],
			"to": [12, 2, 14.5],
"rotation": {"angle": 0, "axis": "y", "origin": [11.5, 1.5, 8]},
"faces": {
"north": {"uv": [6, 0, 7, 1], "texture": "#beacon"},
"east": {"uv": [3, 0, 13, 1], "texture": "#beacon"},
"south": {"uv": [9, 0, 10, 1], "texture": "#beacon"},
"west": {"uv": [3, 0, 13, 1], "texture": "#beacon"},
"up": {"uv": [0, 3, 1, 13], "texture": "#beacon"},
"down": {"uv": [0, 3, 1, 13], "texture": "#beacon"}
}},
		{
			"name": "Iron2",
			"from": [7, 1, 1.5],
			"to": [9, 2, 14.5],
"rotation": {"angle": 0, "axis": "z", "origin": [8, 1.5, 8]},
"faces": {
"north": {"uv": [6, 0, 8, 1], "texture": "#beacon"},
"east": {"uv": [3, 0, 13, 1], "texture": "#beacon"},
"south": {"uv": [8, 0, 10, 1], "texture": "#beacon"},
"west": {"uv": [3, 0, 13, 1], "texture": "#beacon"},
"up": {"uv": [0, 3, 1, 13], "texture": "#beacon"},
"down": {"uv": [0, 3, 1, 13], "texture": "#beacon"}
}},
		{
			"name": "Iron3",
			"from": [4, 1, 1.5],
			"to": [5, 2, 14.5],
"rotation": {"angle": 0, "axis": "y", "origin": [4.5, 1.5, 8]},
"faces": {
"north": {"uv": [6, 0, 7, 1], "texture": "#beacon"},
"east": {"uv": [3, 0, 13, 1], "texture": "#beacon"},
"south": {"uv": [9, 0, 10, 1], "texture": "#beacon"},
"west": {"uv": [3, 0, 13, 1], "texture": "#beacon"},
"up": {"uv": [0, 3, 1, 13], "texture": "#beacon"},
"down": {"uv": [0, 3, 1, 13], "texture": "#beacon"}
}},
		{
			"name": "Obsidian inner1",
			"from": [2, 4.5, 2],
			"to": [14, 5.5, 14],
"rotation": {"angle": 0, "axis": "y", "origin": [8, 5, 8]},
"faces": {
"north": {"uv": [3, 14, 15, 15], "texture": "#obsidian"},
"east": {"uv": [1, 14, 13, 15], "texture": "#obsidian"},
"south": {"uv": [1, 14, 13, 15], "texture": "#obsidian"},
"west": {"uv": [3, 14, 15, 15], "texture": "#obsidian"},
"up": {"uv": [2, 2, 14, 14], "rotation": 180, "texture": "#obsidian"},
"down": {"uv": [2, 2, 14, 14], "rotation": 180, "texture": "#obsidian"}
}},
		{
			"name": "Inner beacon texture",
			"from": [4, 2, 4],
			"to": [12, 10, 12],
"rotation": {"angle": 0, "axis": "y", "origin": [8, 6, 8]},
"faces": {
"north": {"uv": [2, 2, 14, 14], "texture": "#beacon"},
"east": {"uv": [2, 2, 14, 14], "texture": "#beacon"},
"south": {"uv": [2, 2, 14, 14], "texture": "#beacon"},
"west": {"uv": [2, 2, 14, 14], "texture": "#beacon"}
}},
		{
			"name": "Glass shell",
			"from": [3, 1, 3],
			"to": [13, 11, 13],
"rotation": {"angle": 0, "axis": "z", "origin": [8, 6, 8]},
"faces": {
"north": {"uv": [0, 0, 16, 16], "texture": "#glass"},
"east": {"uv": [0, 0, 16, 16], "texture": "#glass"},
"south": {"uv": [0, 0, 16, 16], "texture": "#glass"},
"west": {"uv": [0, 0, 16, 16], "texture": "#glass"}
}},
		{
			"name": "Obsidian inner2",
			"from": [2, 6.5, 2],
			"to": [14, 7.5, 14],
"rotation": {"angle": 0, "axis": "y", "origin": [8, 7, 8]},
"faces": {
"north": {"uv": [1, 10, 13, 11], "texture": "#obsidian"},
"east": {"uv": [3, 10, 15, 11], "texture": "#obsidian"},
"south": {"uv": [3, 10, 15, 11], "texture": "#obsidian"},
"west": {"uv": [1, 10, 13, 11], "texture": "#obsidian"},
"up": {"uv": [2, 2, 14, 14], "rotation": 90, "texture": "#obsidian"},
"down": {"uv": [2, 2, 14, 14], "rotation": 90, "texture": "#obsidian"}
}},
		{
			"name": "Obsidian top",
			"from": [2, 10, 2],
			"to": [14, 13, 14],
"rotation": {"angle": 0, "axis": "x", "origin": [8, 11.5, 8]},
"faces": {
"north": {"uv": [3, 13, 15, 16], "texture": "#obsidian"},
"east": {"uv": [1, 13, 13, 16], "texture": "#obsidian"},
"south": {"uv": [1, 13, 13, 16], "texture": "#obsidian"},
"west": {"uv": [3, 13, 15, 16], "texture": "#obsidian"},
"up": {"uv": [2, 2, 14, 14], "texture": "#obsidian"},
"down": {"uv": [2, 2, 14, 14], "texture": "#obsidian"}
}},
		{
			"name": "Beacon top",
			"from": [4, 13, 4],
			"to": [12, 13.5, 12],
"rotation": {"angle": 0, "axis": "y", "origin": [8, 13.25, 8]},
"faces": {
"north": {"uv": [0, 0, 6, 1], "texture": "#beacon"},
"east": {"uv": [0, 0, 6, 1], "texture": "#beacon"},
"south": {"uv": [0, 0, 6, 1], "texture": "#beacon"},
"west": {"uv": [0, 0, 6, 1], "texture": "#beacon"},
"up": {"uv": [2, 2, 14, 14], "texture": "#beacon"}
}}

	]
}
