{
	"credit": "Made with Blockbench",
	"parent": "minecraft:block/cube_column",
	"textures": {
		"2": "block/mushroom_logs",
		"3": "block/birch_log_top",
		"particle": "block/birch_log",
		"side": "block/birch_log"
	},
	"elements": [
		{
			"from": [0, 0, 0],
			"to": [16, 16, 16],
			"faces": {
				"north": {"uv": [0, 0, 16, 16], "texture": "#side"},
				"east": {"uv": [0, 0, 16, 16], "texture": "#side"},
				"south": {"uv": [0, 0, 16, 16], "texture": "#side"},
				"west": {"uv": [0, 0, 16, 16], "texture": "#side"},
				"up": {"uv": [0, 0, 16, 16], "texture": "#3"},
				"down": {"uv": [0, 0, 16, 16], "texture": "#3"}
			}
		},
		{
			"from": [-1, 5, 13],
			"to": [3, 6, 17],
			"rotation": {"angle": 0, "axis": "y", "origin": [8, 8, 8]},
			"faces": {
				"north": {"uv": [3, 8, 8, 9], "texture": "#2"},
				"east": {"uv": [0, 8, 5, 9], "texture": "#2"},
				"south": {"uv": [1.5, 8, 6.5, 9], "texture": "#2"},
				"west": {"uv": [1, 8, 6, 9], "texture": "#2"},
				"up": {"uv": [1.5, 0.5, 6.5, 5.5], "rotation": 180, "texture": "#2"},
				"down": {"uv": [9.5, 9.5, 14, 14], "rotation": 180, "texture": "#2"}
			}
		},
		{
			"from": [12.5, 11, -1.5],
			"to": [17.5, 12, 3.5],
			"rotation": {"angle": 0, "axis": "y", "origin": [16.5, 12.5, -0.5]},
			"faces": {
				"north": {"uv": [3, 8, 8, 9], "texture": "#2"},
				"east": {"uv": [0, 8, 5, 9], "texture": "#2"},
				"south": {"uv": [1.5, 8, 6.5, 9], "texture": "#2"},
				"west": {"uv": [1, 8, 6, 9], "texture": "#2"},
				"up": {"uv": [3, 0, 8, 5], "rotation": 180, "texture": "#2"},
				"down": {"uv": [9.5, 9.5, 15, 14.5], "rotation": 180, "texture": "#2"}
			}
		},
		{
			"from": [14, 9, -1],
			"to": [17, 10, 2],
			"rotation": {"angle": 0, "axis": "y", "origin": [8, 8, 8]},
			"faces": {
				"north": {"uv": [2, 8, 7, 9], "texture": "#2"},
				"east": {"uv": [3, 8, 8, 9], "texture": "#2"},
				"south": {"uv": [1.5, 8, 6.5, 9], "texture": "#2"},
				"west": {"uv": [1, 8, 6, 9], "texture": "#2"},
				"up": {"uv": [0, 0, 5, 5], "rotation": 180, "texture": "#2"},
				"down": {"uv": [10.5, 10.5, 14, 14], "rotation": 180, "texture": "#2"}
			}
		}
	],
	"groups": [
		0,
		{
			"name": "group",
			"origin": [0, 0, 0],
			"color": 0,
			"children": [1, 2, 3]
		}
	]
}