{
	"credit": "Made with Blockbench",
	"parent": "minecraft:block/cube_column",
	"textures": {
		"2": "block/mushroom_logs",
		"end": "block/birch_log_top",
		"particle": "block/birch_log",
		"side": "block/birch_log"
	},
	"elements": [
		{
			"from": [0, 0, 0],
			"to": [16, 16, 16],
			"faces": {
				"north": {"uv": [0, 0, 16, 16], "texture": "#side"},
				"east": {"uv": [0, 0, 16, 16], "texture": "#side"},
				"south": {"uv": [0, 0, 16, 16], "texture": "#side"},
				"west": {"uv": [0, 0, 16, 16], "texture": "#side"},
				"up": {"uv": [0, 0, 16, 16], "texture": "#end"},
				"down": {"uv": [0, 0, 16, 16], "texture": "#end"}
			}
		},
		{
			"from": [-1.5, 4, -1.5],
			"to": [6.5, 6, 6.5],
			"faces": {
				"north": {"uv": [1.5, 8, 6.5, 9], "texture": "#2"},
				"east": {"uv": [1, 8, 6, 9], "texture": "#2"},
				"south": {"uv": [3, 8, 8, 9], "texture": "#2"},
				"west": {"uv": [0, 8, 5, 9], "texture": "#2"},
				"up": {"uv": [2, 1, 7, 5.5], "texture": "#2"},
				"down": {"uv": [8.5, 9, 15, 15.5], "texture": "#2"}
			}
		}
	]
}