{
	"credit": "Made with Blockbench",
	"parent": "minecraft:block/cube_column",
	"textures": {
		"2": "block/mushroom_logs",
		"end": "block/birch_log_top",
		"particle": "block/birch_log",
		"side": "block/birch_log"
	},
	"elements": [
		{
			"from": [0, 0, 0],
			"to": [16, 16, 16],
			"faces": {
				"north": {"uv": [0, 0, 16, 16], "texture": "#side"},
				"east": {"uv": [0, 0, 16, 16], "texture": "#side"},
				"south": {"uv": [0, 0, 16, 16], "texture": "#side"},
				"west": {"uv": [0, 0, 16, 16], "texture": "#side"},
				"up": {"uv": [0, 0, 16, 16], "texture": "#end"},
				"down": {"uv": [0, 0, 16, 16], "texture": "#end"}
			}
		},
		{
			"from": [10, 5, 10],
			"to": [18, 6.5, 18],
			"rotation": {"angle": 0, "axis": "y", "origin": [8, 8, 8]},
			"faces": {
				"north": {"uv": [3, 8, 8, 9], "texture": "#2"},
				"east": {"uv": [0, 8, 5, 9], "texture": "#2"},
				"south": {"uv": [1.5, 8, 6.5, 9], "texture": "#2"},
				"west": {"uv": [1, 8, 6, 9], "texture": "#2"},
				"up": {"uv": [0.5, 2, 5.5, 7], "rotation": 180, "texture": "#2"},
				"down": {"uv": [9, 9.5, 15, 15.5], "rotation": 180, "texture": "#2"}
			}
		}
	]
}