{
	"credit": "Made with Blockbench",
	"parent": "minecraft:block/cube_column",
	"textures": {
		"2": "block/mushroom_logs",
		"end": "block/birch_log_top",
		"particle": "block/birch_log",
		"side": "block/birch_log"
	},
	"elements": [
		{
			"from": [0, 0, 0],
			"to": [16, 16, 16],
			"faces": {
				"north": {"uv": [0, 0, 16, 16], "texture": "#side"},
				"east": {"uv": [0, 0, 16, 16], "texture": "#side"},
				"south": {"uv": [0, 0, 16, 16], "texture": "#side"},
				"west": {"uv": [0, 0, 16, 16], "texture": "#side"},
				"up": {"uv": [0, 0, 16, 16], "texture": "#end"},
				"down": {"uv": [0, 0, 16, 16], "texture": "#end"}
			}
		},
		{
			"from": [-1.5, 11, 13.5],
			"to": [2.5, 12, 17.5],
			"rotation": {"angle": 0, "axis": "y", "origin": [8, 8, 8]},
			"faces": {
				"north": {"uv": [3, 8, 8, 9], "texture": "#2"},
				"east": {"uv": [0, 8, 5, 9], "texture": "#2"},
				"south": {"uv": [1.5, 8, 6.5, 9], "texture": "#2"},
				"west": {"uv": [0, 8, 5, 9], "texture": "#2"},
				"up": {"uv": [3, 1.5, 7, 5.5], "rotation": 180, "texture": "#2"},
				"down": {"uv": [12, 10, 15.5, 14], "rotation": 180, "texture": "#2"}
			}
		},
		{
			"from": [12, 6, 12],
			"to": [18, 7, 18],
			"rotation": {"angle": 0, "axis": "y", "origin": [8, 8, 8]},
			"faces": {
				"north": {"uv": [3, 8, 8, 9], "texture": "#2"},
				"east": {"uv": [1.5, 8, 6.5, 9], "texture": "#2"},
				"south": {"uv": [2.5, 8, 7.5, 9], "texture": "#2"},
				"west": {"uv": [1, 8, 6, 9], "texture": "#2"},
				"up": {"uv": [1.5, 2.5, 6.5, 7.5], "rotation": 180, "texture": "#2"},
				"down": {"uv": [10, 10, 15, 15.5], "rotation": 180, "texture": "#2"}
			}
		},
		{
			"from": [13, 2, -1],
			"to": [17, 3, 3],
			"rotation": {"angle": 0, "axis": "y", "origin": [8, 8, 8]},
			"faces": {
				"north": {"uv": [3, 8, 8, 9], "texture": "#2"},
				"east": {"uv": [0, 8, 5, 9], "texture": "#2"},
				"south": {"uv": [1.5, 8, 6.5, 9], "texture": "#2"},
				"west": {"uv": [1, 8, 6, 9], "texture": "#2"},
				"up": {"uv": [1, 1, 5, 5], "rotation": 180, "texture": "#2"},
				"down": {"uv": [10, 10, 14.5, 14.5], "rotation": 180, "texture": "#2"}
			}
		},
		{
			"from": [-1.5, 8, -1.5],
			"to": [3.5, 9, 3.5],
			"rotation": {"angle": 0, "axis": "y", "origin": [8, 8, 8]},
			"faces": {
				"north": {"uv": [1.5, 8, 6.5, 9], "texture": "#2"},
				"east": {"uv": [0, 8, 5, 9], "texture": "#2"},
				"south": {"uv": [1.5, 8, 6.5, 9], "texture": "#2"},
				"west": {"uv": [1, 8, 6, 9], "texture": "#2"},
				"up": {"uv": [0, 0, 5, 5], "rotation": 180, "texture": "#2"},
				"down": {"uv": [10, 9.5, 14.5, 14.5], "rotation": 180, "texture": "#2"}
			}
		}
	],
	"groups": [
		0,
		{
			"name": "group",
			"origin": [0, 0, 0],
			"color": 0,
			"children": [1, 2, 3, 4]
		}
	]
}