{
	"credit": "Made with Blockbench",
	"parent": "minecraft:block/cube_column",
	"textures": {
		"2": "block/mushroom_logs",
		"particle": "block/birch_log",
		"end": "block/birch_log_top",
		"side": "block/birch_log"
	},
	"elements": [
		{
			"from": [0, 0, 0],
			"to": [16, 16, 16],
			"faces": {
				"north": {"uv": [0, 0, 16, 16], "texture": "#side"},
				"east": {"uv": [0, 0, 16, 16], "texture": "#side"},
				"south": {"uv": [0, 0, 16, 16], "texture": "#side"},
				"west": {"uv": [0, 0, 16, 16], "texture": "#side"},
				"up": {"uv": [0, 0, 16, 16], "texture": "#end"},
				"down": {"uv": [0, 0, 16, 16], "texture": "#end"}
			}
		},
		{
			"from": [-2, 8, 12],
			"to": [4, 9, 18],
			"faces": {
				"north": {"uv": [1.5, 8, 6.5, 9], "texture": "#2"},
				"east": {"uv": [1, 8, 6, 9], "texture": "#2"},
				"south": {"uv": [3, 8, 8, 9], "texture": "#2"},
				"west": {"uv": [2.5, 8, 7.5, 9], "texture": "#2"},
				"up": {"uv": [0.5, 2, 5.5, 7], "texture": "#2"},
				"down": {"uv": [10, 10, 15.5, 15.5], "texture": "#2"}
			}
		},
		{
			"from": [-1, 10, 13],
			"to": [3, 11, 17],
			"rotation": {"angle": 0, "axis": "y", "origin": [-0.25, 10.5, 16]},
			"faces": {
				"north": {"uv": [1.5, 8, 6.5, 9], "texture": "#2"},
				"east": {"uv": [1, 8, 6, 9], "texture": "#2"},
				"south": {"uv": [1, 8, 6, 9], "texture": "#2"},
				"west": {"uv": [0, 8, 5, 9], "texture": "#2"},
				"up": {"uv": [2.5, 1, 7, 5.5], "texture": "#2"},
				"down": {"uv": [11, 9, 15, 13], "texture": "#2"}
			}
		},
		{
			"from": [13, 4, -1],
			"to": [17, 5, 3],
			"faces": {
				"north": {"uv": [0.5, 8, 5.5, 9], "texture": "#2"},
				"east": {"uv": [1, 8, 6, 9], "texture": "#2"},
				"south": {"uv": [3, 8, 8, 9], "texture": "#2"},
				"west": {"uv": [0, 8, 5, 9], "texture": "#2"},
				"up": {"uv": [2, 2, 6.5, 6.5], "texture": "#2"},
				"down": {"uv": [9.5, 10, 13.5, 14], "texture": "#2"}
			}
		}
	]
}