{
	"credit": "Made with Blockbench",
	"parent": "minecraft:block/cube_column",
	"textures": {
		"2": "block/mushroom_logs",
		"end": "block/birch_log_top",
		"side": "block/birch_log",
		"particle": "block/birch_log"
	},
	"elements": [
		{
			"from": [0, 0, 0],
			"to": [16, 16, 16],
			"faces": {
				"north": {"uv": [0, 0, 16, 16], "texture": "#side"},
				"east": {"uv": [0, 0, 16, 16], "texture": "#side"},
				"south": {"uv": [0, 0, 16, 16], "texture": "#side"},
				"west": {"uv": [0, 0, 16, 16], "texture": "#side"},
				"up": {"uv": [0, 0, 16, 16], "texture": "#end"},
				"down": {"uv": [0, 0, 16, 16], "texture": "#end"}
			}
		},
		{
			"from": [-2, 13, 12],
			"to": [4, 14, 18],
			"faces": {
				"north": {"uv": [3, 8, 8, 9], "texture": "#2"},
				"east": {"uv": [1.5, 8, 6.5, 9], "texture": "#2"},
				"south": {"uv": [2, 8, 7, 9], "texture": "#2"},
				"west": {"uv": [0, 8, 5, 9], "texture": "#2"},
				"up": {"uv": [1.5, 1.5, 6.5, 6.5], "texture": "#2"},
				"down": {"uv": [9.5, 9.5, 14.5, 14.5], "texture": "#2"}
			}
		},
		{
			"from": [-1, 11, 14],
			"to": [2, 12, 17],
			"faces": {
				"north": {"uv": [1.5, 8, 6.5, 9], "texture": "#2"},
				"east": {"uv": [0, 8, 5, 9], "texture": "#2"},
				"south": {"uv": [3, 8, 8, 9], "texture": "#2"},
				"west": {"uv": [2.5, 8, 7.5, 9], "texture": "#2"},
				"up": {"uv": [0, 1.5, 4, 5.5], "texture": "#2"},
				"down": {"uv": [11.5, 9, 15.5, 13], "texture": "#2"}
			}
		},
		{
			"from": [13, 3, -1],
			"to": [17, 4, 3],
			"faces": {
				"north": {"uv": [1.5, 8, 6.5, 9], "texture": "#2"},
				"east": {"uv": [1, 8, 6, 9], "texture": "#2"},
				"south": {"uv": [3, 8, 8, 9], "texture": "#2"},
				"west": {"uv": [0, 8, 5, 9], "texture": "#2"},
				"up": {"uv": [2, 2, 7, 7], "texture": "#2"},
				"down": {"uv": [10.5, 11, 14.5, 15], "texture": "#2"}
			}
		}
	]
}