{
	"credit": "Made with Blockbench",
	"parent": "minecraft:block/cube_column",
	"textures": {
		"2": "block/mushroom_logs",
		"end": "block/birch_log_top",
		"particle": "block/birch_log",
		"side": "block/birch_log"
	},
	"elements": [
		{
			"from": [0, 0, 0],
			"to": [16, 16, 16],
			"faces": {
				"north": {"uv": [0, 0, 16, 16], "texture": "#side"},
				"east": {"uv": [0, 0, 16, 16], "texture": "#side"},
				"south": {"uv": [0, 0, 16, 16], "texture": "#side"},
				"west": {"uv": [0, 0, 16, 16], "texture": "#side"},
				"up": {"uv": [0, 0, 16, 16], "texture": "#end"},
				"down": {"uv": [0, 0, 16, 16], "texture": "#end"}
			}
		},
		{
			"from": [-2, 8, -2],
			"to": [3, 9, 3],
			"rotation": {"angle": 0, "axis": "y", "origin": [-0.5, 8.5, -0.5]},
			"faces": {
				"north": {"uv": [1.5, 8, 6.5, 9], "texture": "#2"},
				"east": {"uv": [1, 8, 6, 9], "texture": "#2"},
				"south": {"uv": [3, 8, 8, 9], "texture": "#2"},
				"west": {"uv": [3, 8, 8, 9], "texture": "#2"},
				"up": {"uv": [0, 0, 5, 5], "texture": "#2"},
				"down": {"uv": [9, 9, 14.5, 14.5], "texture": "#2"}
			}
		},
		{
			"from": [12, 5, 12],
			"to": [17, 6.5, 17],
			"rotation": {"angle": 0, "axis": "y", "origin": [15.5, 8.5, 15.5]},
			"faces": {
				"north": {"uv": [1.5, 8, 6.5, 9], "texture": "#2"},
				"east": {"uv": [1, 8, 6, 9], "texture": "#2"},
				"south": {"uv": [3, 8, 8, 9], "texture": "#2"},
				"west": {"uv": [0, 8, 5, 9], "texture": "#2"},
				"up": {"uv": [0, 0, 5, 5], "texture": "#2"},
				"down": {"uv": [10, 10, 15.5, 15.5], "texture": "#2"}
			}
		},
		{
			"from": [-1, 2, 14],
			"to": [2, 3, 17],
			"rotation": {"angle": 0, "axis": "y", "origin": [-0.25, 2.5, 16]},
			"faces": {
				"north": {"uv": [1.5, 8, 6.5, 9], "texture": "#2"},
				"east": {"uv": [1, 8, 6, 9], "texture": "#2"},
				"south": {"uv": [2.5, 8, 7.5, 9], "texture": "#2"},
				"west": {"uv": [0, 8, 5, 9], "texture": "#2"},
				"up": {"uv": [0, 0, 5, 5], "texture": "#2"},
				"down": {"uv": [10, 11, 13.5, 14.5], "texture": "#2"}
			}
		},
		{
			"from": [-0.75, 6, -0.5],
			"to": [2.25, 7, 2.5],
			"rotation": {"angle": 0, "axis": "y", "origin": [-0.25, 4.5, 16]},
			"faces": {
				"north": {"uv": [0, 8, 5, 9], "texture": "#2"},
				"east": {"uv": [1, 8, 6, 9], "texture": "#2"},
				"south": {"uv": [3, 8, 8, 9], "texture": "#2"},
				"west": {"uv": [0.5, 8, 5.5, 9], "texture": "#2"},
				"up": {"uv": [0, 0, 5, 5], "texture": "#2"},
				"down": {"uv": [11, 9, 15, 13], "texture": "#2"}
			}
		},
		{
			"from": [11, 10, -1],
			"to": [17, 12, 5],
			"rotation": {"angle": 0, "axis": "y", "origin": [15.25, 11.5, -0.5]},
			"faces": {
				"north": {"uv": [1.5, 8, 6.5, 9], "texture": "#2"},
				"east": {"uv": [2, 8, 7, 9], "texture": "#2"},
				"south": {"uv": [3, 8, 8, 9], "texture": "#2"},
				"west": {"uv": [0, 8, 5, 9], "texture": "#2"},
				"up": {"uv": [0, 0, 5, 5], "texture": "#2"},
				"down": {"uv": [10, 10, 15, 15], "texture": "#2"}
			}
		}
	]
}