{
    "textures": {
	  "base": "minecraft:block/stone",
        "particle": "#texture"
    },
    "elements": [
        {   "from": [ 5, 0, 6 ],
            "to": [ 11, 1, 10 ],
            "faces": {
                "down":  { "uv": [ 5,  6, 11, 10 ], "texture": "#texture", "cullface": "down" },
                "up":    { "uv": [ 5, 10, 11,  6 ], "texture": "#texture" },
                "north": { "uv": [ 5, 14, 11, 15 ], "texture": "#texture" },
                "south": { "uv": [ 5, 14, 11, 15 ], "texture": "#texture" },
                "west":  { "uv": [ 6, 14, 10, 15 ], "texture": "#texture" },
                "east":  { "uv": [ 6, 14, 10, 15 ], "texture": "#texture" }
			}
		},
		{
			"from": [4.5, -0.05, 5.5],
			"to": [11.5, 0.45, 10.5],
			"faces": {
				"north": {"uv": [8, 7, 14, 8], "texture": "#base"},
				"east": {"uv": [8, 7, 12, 8], "texture": "#base"},
				"south": {"uv": [2, 7, 8, 8], "texture": "#base"},
				"west": {"uv": [4, 7, 8, 8], "texture": "#base"},
				"up": {"uv": [5, 9, 11, 5], "texture": "#base"},
				"down": {"uv": [5, 5, 11, 9], "texture": "#base"}
			}
		}
	]
}
