{
    "textures": {
        "particle": "block/cake_side",
        "bottom": "block/cake_bottom",
        "top": "block/cake_top",
        "side": "block/cake_side",
        "inside": "block/cake_inner"
    },
    "elements": [
        {
			"from": [1, 0, 9],
			"to": [15, 6, 15],
			"rotation": {"angle": 0, "axis": "y", "origin": [8, 8, 8]},
			"faces": {
				"north": {"uv": [1, 9, 15, 16], "texture": "#inside"},
				"east": {"uv": [1, 8, 7, 16], "texture": "#side"},
				"south": {"uv": [1, 8, 15, 16], "texture": "#side"},
				"west": {"uv": [9, 8, 15, 16], "texture": "#side"},
				"up": {"uv": [1, 1, 15, 7], "rotation": 180, "texture": "#top"},
				"down": {"uv": [1, 1, 15, 15], "rotation": 180, "texture": "#bottom"}
			}
		},
		{
			"from": [8, 0, 1],
			"to": [15, 6, 9],
			"rotation": {"angle": 0, "axis": "y", "origin": [8, 8, 8]},
			"faces": {
				"north": {"uv": [1, 8, 8, 16], "texture": "#side"},
				"east": {"uv": [7, 8, 15, 16], "texture": "#side"},
				"west": {"uv": [1, 9, 9, 16], "texture": "#inside"},
				"up": {"uv": [1, 7, 8, 15], "rotation": 180, "texture": "#top"},
				"down": {"uv": [1, 1, 15, 15], "rotation": 180, "texture": "#bottom"}
			}
		},
		{
			"from": [2, 6.02, 9],
			"to": [8, 6.02, 14],
			"rotation": {"angle": 0, "axis": "y", "origin": [8, 8, 8]},
			"faces": {
				"up": {"uv": [1, 8, 7, 14], "rotation": 270, "texture": "#inside"}
			}
		},
		{
			"from": [8, 6.02, 2],
			"to": [14, 6.02, 14],
			"rotation": {"angle": 0, "axis": "y", "origin": [8, 8, 8]},
			"faces": {
				"up": {"uv": [1, 8, 15, 14], "rotation": 90, "texture": "#inside"}
			}
		},
		{
			"from": [4, 0, 2],
			"to": [5, 1, 3],
			"rotation": {"angle": 0, "axis": "y", "origin": [8, 8, 8]},
			"faces": {
				"north": {"uv": [1, 1, 2, 2], "texture": "#bottom"},
				"east": {"uv": [1, 1, 2, 2], "texture": "#bottom"},
				"south": {"uv": [1, 1, 2, 2], "texture": "#bottom"},
				"west": {"uv": [1, 1, 2, 2], "texture": "#bottom"},
				"up": {"uv": [1, 1, 2, 2], "rotation": 180, "texture": "#bottom"},
				"down": {"uv": [1, 1, 2, 2], "rotation": 180, "texture": "#bottom"}
			}
		},
		{
			"from": [6, 0, 4],
			"to": [7, 1, 5],
			"rotation": {"angle": 0, "axis": "y", "origin": [8, 8, 8]},
			"faces": {
				"north": {"uv": [1, 3, 2, 4], "texture": "#bottom"},
				"east": {"uv": [1, 3, 2, 4], "texture": "#bottom"},
				"south": {"uv": [1, 3, 2, 4], "texture": "#bottom"},
				"west": {"uv": [1, 3, 2, 4], "texture": "#bottom"},
				"up": {"uv": [1, 3, 2, 4], "rotation": 180, "texture": "#bottom"},
				"down": {"uv": [1, 3, 2, 4], "rotation": 180, "texture": "#bottom"}
			}
		}
	]
}
