{
    "textures": {
        "particle": "block/cake_side",
        "bottom": "block/cake_bottom",
        "top": "block/cake_top",
        "side": "block/cake_side",
        "inside": "block/cake_inner"
    },
    "elements": [
       {
			"from": [8, 0, 1],
			"to": [15, 6, 8],
			"rotation": {"angle": 0, "axis": "y", "origin": [8, 8, 8]},
			"faces": {
				"north": {"uv": [1, 8, 8, 16], "texture": "#side"},
				"east": {"uv": [7, 8, 15, 16], "texture": "#side"},
				"south": {"uv": [8, 9, 15, 16], "texture": "#inside"},
				"west": {"uv": [1, 9, 8, 16], "texture": "#inside"},
				"up": {"uv": [1, 8, 8, 15], "rotation": 180, "texture": "#top"},
				"down": {"uv": [1, 1, 15, 15], "rotation": 180, "texture": "#bottom"}
			}
		},
		{
			"from": [8, 6.02, 2],
			"to": [14, 6.02, 8],
			"rotation": {"angle": 0, "axis": "y", "origin": [8, 8, 8]},
			"faces": {
				"up": {"uv": [1, 8, 8, 14], "rotation": 90, "texture": "#inside"}
			}
		},
		{
			"from": [11, 0, 13],
			"to": [12, 1, 14],
			"rotation": {"angle": 0, "axis": "y", "origin": [8, 8, 8]},
			"faces": {
				"north": {"uv": [1, 1, 2, 2], "texture": "#bottom"},
				"east": {"uv": [1, 1, 2, 2], "texture": "#bottom"},
				"south": {"uv": [1, 1, 2, 2], "texture": "#bottom"},
				"west": {"uv": [1, 1, 2, 2], "texture": "#bottom"},
				"up": {"uv": [1, 1, 2, 2], "rotation": 180, "texture": "#bottom"},
				"down": {"uv": [1, 1, 2, 2], "rotation": 180, "texture": "#bottom"}
			}
		},
		{
			"from": [6, 0, 9],
			"to": [7, 1, 10],
			"rotation": {"angle": 0, "axis": "y", "origin": [8, 8, 8]},
			"faces": {
				"north": {"uv": [1, 1, 2, 2], "texture": "#bottom"},
				"east": {"uv": [1, 1, 2, 2], "texture": "#bottom"},
				"south": {"uv": [1, 1, 2, 2], "texture": "#bottom"},
				"west": {"uv": [1, 1, 2, 2], "texture": "#bottom"},
				"up": {"uv": [1, 1, 2, 2], "rotation": 180, "texture": "#bottom"},
				"down": {"uv": [1, 1, 2, 2], "rotation": 180, "texture": "#bottom"}
			}
		},
		{
			"from": [13, 0, 9],
			"to": [14, 1, 10],
			"rotation": {"angle": 0, "axis": "y", "origin": [8, 8, 8]},
			"faces": {
				"north": {"uv": [1, 3, 2, 4], "texture": "#bottom"},
				"east": {"uv": [1, 3, 2, 4], "texture": "#bottom"},
				"south": {"uv": [1, 3, 2, 4], "texture": "#bottom"},
				"west": {"uv": [1, 3, 2, 4], "texture": "#bottom"},
				"up": {"uv": [1, 3, 2, 4], "rotation": 180, "texture": "#bottom"},
				"down": {"uv": [1, 3, 2, 4], "rotation": 180, "texture": "#bottom"}
			}
		}
	]
}
