{
    "textures": {
        "particle": "block/cake_side",
        "bottom": "block/cake_bottom",
        "top": "block/cake_top",
        "side": "block/cake_side",
        "inside": "block/cake_inner"
    },
    "elements": [
    {
			"from": [1, 0, 1],
			"to": [15, 6, 15],
			"rotation": {"angle": 0, "axis": "y", "origin": [8, 8, 8]},
			"faces": {
				"north": {"uv": [1, 8, 15, 16], "texture": "#side"},
				"east": {"uv": [1, 8, 15, 16], "texture": "#side"},
				"south": {"uv": [1, 8, 15, 16], "texture": "#side"},
				"west": {"uv": [1, 8, 15, 16], "texture": "#side"},
				"up": {"uv": [1, 1, 15, 15], "rotation": 180, "texture": "#top"},
				"down": {"uv": [1, 1, 15, 15], "rotation": 180, "texture": "#bottom"}
			}
		},
		{
			"from": [2, 6.02, 2],
			"to": [8, 6.02, 14],
			"rotation": {"angle": 0, "axis": "y", "origin": [8, 8, 8]},
			"faces": {
				"up": {"uv": [1, 8, 15, 14], "rotation": 270, "texture": "#inside"}
			}
		},
		{
			"from": [8, 4, 2],
			"to": [14, 10, 14],
			"rotation": {"angle": 0, "axis": "y", "origin": [8, 8, 8]},
			"faces": {
				"north": {"uv": [1, 8, 8, 16], "texture": "#side"},
				"east": {"uv": [1, 8, 15, 16], "texture": "#side"},
				"south": {"uv": [8, 8, 15, 16], "texture": "#side"},
				"west": {"uv": [1, 8, 15, 16], "texture": "#inside"},
				"up": {"uv": [1, 1, 15, 8], "rotation": 90, "texture": "#top"}
			}
		}
	]
}
