{
	"elements": [
		{
			"name": "top bar",
			"from": [7, 10, 7],
			"to": [9, 13, 16],
			"faces": {
				"east": {"uv": [4, 4, 13, 7], "texture": "#texture"},
				"south": {"uv": [13, 4, 15, 7], "texture": "#texture", "cullface": "south"},
				"west": {"uv": [4, 4, 13, 7], "texture": "#texture"},
				"up": {"uv": [13, 7, 15, 16], "texture": "#texture"},
				"down": {"uv": [13, 7, 15, 16], "texture": "#texture"}
			}
		},
		{
			"name": "lower bar",
			"from": [7, 5, 7],
			"to": [9, 7, 16],
			"faces": {
				"east": {"uv": [4, 4, 13, 7], "texture": "#texture"},
				"south": {"uv": [13, 4, 15, 7], "texture": "#texture", "cullface": "south"},
				"west": {"uv": [4, 4, 13, 7], "texture": "#texture"},
				"up": {"uv": [13, 7, 15, 16], "texture": "#texture"},
				"down": {"uv": [13, 7, 15, 16], "texture": "#texture"}
			}
		}
	],
	"groups": [
		{
			"name": "south",
			"origin": [0, 0, 0],
			"color": 0,
			"children": [0, 1]
		}
	]
}
