{
	"elements": [
		{
			"name": "top bar",
			"from": [7, 10, 0],
			"to": [9, 13, 9],
			"faces": {
				"north": {"uv": [13, 4, 15, 7], "rotation": 180, "texture": "#texture", "cullface": "north"},
				"east": {"uv": [4, 4, 13, 7], "texture": "#texture"},
				"west": {"uv": [4, 4, 13, 7], "texture": "#texture"},
				"up": {"uv": [13, 7, 15, 16], "texture": "#texture"},
				"down": {"uv": [13, 7, 15, 16], "texture": "#texture"}
			}
		},
		{
			"name": "lower bar",
			"from": [7, 5, 0],
			"to": [9, 7, 9],
			"faces": {
				"north": {"uv": [13, 4, 15, 7], "rotation": 180, "texture": "#texture", "cullface": "north"},
				"east": {"uv": [4, 4, 13, 7], "texture": "#texture"},
				"west": {"uv": [4, 4, 13, 7], "texture": "#texture"},
				"up": {"uv": [13, 7, 15, 16], "texture": "#texture"},
				"down": {"uv": [13, 7, 15, 16], "texture": "#texture"}
			}
		}
	],
	"groups": [
		{
			"name": "north",
			"origin": [0, 0, 0],
			"color": 0,
			"children": [0, 1]
		}
	]
}
