{
	"credit": "Asp_Blackhole",

	"parent": "block/block",
	  "ambientocclusion": false,

	"textures": {
  	  "particle": "#texture"

},
	"elements": [
		{
			"name": "Left post",
			"from": [6, 0, 0],
			"to": [10, 16, 4],
			"faces": {
				"north": {"uv": [0, 0, 4, 16], "texture": "#texture"},
				"east": {"uv": [0, 0, 4, 16], "texture": "#texture"},
				"south": {"uv": [0, 0, 4, 16], "texture": "#texture"},
				"west": {"uv": [0, 0, 4, 16], "texture": "#texture"},
				"up": {"uv": [12, 8, 16, 12], "texture": "#texture"},
				"down": {"uv": [12, 12, 16, 16], "texture": "#texture"}
			}
		},
		{
			"name": "Right post",
			"from": [6, 0, 12],
			"to": [10, 16, 16],
			"faces": {
				"north": {"uv": [0, 0, 4, 16], "texture": "#texture"},
				"east": {"uv": [0, 0, 4, 16], "texture": "#texture"},
				"south": {"uv": [0, 0, 4, 16], "texture": "#texture"},
				"west": {"uv": [0, 0, 4, 16], "texture": "#texture"},
				"up": {"uv": [12, 8, 16, 12], "texture": "#texture"},
				"down": {"uv": [12, 12, 16, 16], "texture": "#texture"}
			}
		},
		{
			"name": "Top bar",
			"from": [7, 10, -2],
			"to": [9, 13, 18],
			"faces": {
				"north": {"uv": [7, 1, 9, 4], "texture": "#texture"},
				"east": {"uv": [4, 0, 6, 14], "rotation": 270, "texture": "#texture"},
				"south": {"uv": [7, 1, 9, 4], "texture": "#texture"},
				"west": {"uv": [10, 0, 12, 14], "rotation": 90, "texture": "#texture"},
				"up": {"uv": [4, 0, 6, 14], "texture": "#texture"},
				"down": {"uv": [10, 0, 12, 14], "texture": "#texture"}
			}
		},
		{
			"name": "Lower bar",
			"from": [7, 5, -2],
			"to": [9, 7, 18],
			"faces": {
				"north": {"uv": [7, 1, 9, 4], "texture": "#texture"},
				"east": {"uv": [10, 0, 12, 14], "rotation": 90, "texture": "#texture"},
				"south": {"uv": [7, 1, 9, 4], "texture": "#texture"},
				"west": {"uv": [4, 0, 6, 14], "rotation": 270, "texture": "#texture"},
				"up": {"uv": [10, 0, 12, 14], "texture": "#texture"},
				"down": {"uv": [4, 0, 6, 14], "texture": "#texture"}
			}
		},
		{
			"name": "Top post1",
			"from": [5.75, 14.5, 11.75],
			"to": [10.25, 15.75, 16.25],
			"faces": {
				"north": {"uv": [4, 13, 12, 16], "texture": "#texture"},
				"east": {"uv": [12, 13, 4, 16], "texture": "#texture"},
				"south": {"uv": [4, 13, 12, 16], "texture": "#texture"},
				"west": {"uv": [12, 13, 4, 16], "texture": "#texture"},
				"up": {"uv": [5, 7, 11, 13], "texture": "#texture"},
				"down": {"uv": [12, 8, 16, 12], "texture": "#texture"}
			}
		},
		{
			"name": "Top post2",
			"from": [5.75, 14.5, -0.25],
			"to": [10.25, 15.75, 4.25],
			"faces": {
				"north": {"uv": [4, 13, 12, 16], "texture": "#texture"},
				"east": {"uv": [12, 13, 4, 16], "texture": "#texture"},
				"south": {"uv": [4, 13, 12, 16], "texture": "#texture"},
				"west": {"uv": [12, 13, 4, 16], "texture": "#texture"},
				"up": {"uv": [5, 7, 11, 13], "texture": "#texture"},
				"down": {"uv": [12, 8, 16, 12], "texture": "#texture"}
			}
		}
	],
	"display": {
		"gui": {
			"rotation": [30, 135, 0],
			"scale": [0.625, 0.625, 0.625]
		},
		"fixed": {
			"rotation": [0, 90, 0],
			"scale": [0.5, 0.5, 0.5]
		}
	}
}

