{
	"credit": "Asp_Blackhole",

	"textures": {
	  "particle": "#texture"

},
"elements": [
		{
	"name": "Center post",
	"from": [6, 0, 6],
	"to": [10, 16, 10],
"faces": {
"north": {"uv": [0, 0, 4, 16], "texture": "#texture"},
"east": {"uv": [0, 0, 4, 16], "texture": "#texture"},
"south": {"uv": [0, 0, 4, 16], "texture": "#texture"},
"west": {"uv": [0, 0, 4, 16], "texture": "#texture"},
"up": {"uv": [12, 8, 16, 12], "texture": "#texture"},
"down": {"uv": [12, 12, 16, 16], "texture": "#texture"}
}},
		{
	"name": "Top post",
	"from": [5.75, 14.5, 5.75],
	"to": [10.25, 15.75, 10.25],
"faces": {
"north": {"uv": [4, 13, 12, 16], "texture": "#texture"},
"east": {"uv": [12, 13, 4, 16], "texture": "#texture"},
"south": {"uv": [4, 13, 12, 16], "texture": "#texture"},
"west": {"uv": [12, 13, 4, 16], "texture": "#texture"},
"up": {"uv": [5, 7, 11, 13], "texture": "#texture"},
"down": {"uv": [12, 8, 16, 12], "texture": "#texture"}

}}
	]
}
