{
	"credit": "Asp_Blackhole",
	"textures": {
        "particle": "#texture"
    },
	"elements": [
		{
			"name": "top bar",
			"from": [7, 10, 0],
			"to": [9, 13, 9],
			"faces": {
				"north": {"uv": [7, 1, 9, 4], "texture": "#texture", "cullface": "north"},
				"east": {"uv": [1, 2, 10, 4], "texture": "#texture"},
				"west": {"uv": [6, 2, 15, 4], "texture": "#texture"},
				"up": {"uv": [1, 1, 10, 3], "rotation": 90, "texture": "#texture"},
				"down": {"uv": [6, 1, 15, 3], "rotation": 90, "texture": "#texture"}
			}
		},
		{
			"name": "lower bar",
			"from": [7, 5, 0],
			"to": [9, 7, 9],
			"faces": {
				"north": {"uv": [7, 2, 9, 5], "texture": "#texture", "cullface": "north"},
				"east": {"uv": [1, 3, 10, 5], "texture": "#texture"},
				"west": {"uv": [6, 3, 15, 5], "texture": "#texture"},
				"up": {"uv": [6, 3, 15, 5], "rotation": 90, "texture": "#texture"},
				"down": {"uv": [1, 3, 10, 5], "rotation": 90, "texture": "#texture"}
			}
		}
	]
}
