{
    "ambientocclusion": false,
    "textures": {
        "particle": "block/hopper_outside",
        "top": "block/hopper_top",
        "side": "block/hopper_outside",
        "inside": "block/hopper_inside"
    },
    "elements": [
       {
			"from": [0, 10, 0],
			"to": [16, 11, 16],
			"faces": {
				"north": {"uv": [0, 0, 16, 1], "texture": "#side", "cullface": "north"},
				"east": {"uv": [0, 0, 16, 1], "texture": "#side", "cullface": "east"},
				"south": {"uv": [0, 0, 16, 1], "texture": "#side", "cullface": "south"},
				"west": {"uv": [0, 0, 16, 1], "texture": "#side", "cullface": "west"},
				"up": {"uv": [0, 0, 16, 16], "texture": "#inside", "cullface": "up"},
				"down": {"uv": [0, 0, 16, 16], "texture": "#side"}
			}
		},
		{
			"from": [0, 11, 0],
			"to": [2, 16, 16],
			"faces": {
				"north": {"uv": [14, 0, 16, 5], "texture": "#side", "cullface": "north"},
				"east": {"uv": [0, 0, 16, 5], "texture": "#side", "cullface": "up"},
				"south": {"uv": [0, 0, 2, 5], "texture": "#side", "cullface": "south"},
				"west": {"uv": [0, 0, 16, 5], "texture": "#side", "cullface": "west"},
				"up": {"uv": [0, 0, 2, 16], "texture": "#top", "cullface": "up"}
			}
		},
		{
			"from": [14, 11, 0],
			"to": [16, 16, 16],
			"faces": {
				"north": {"uv": [0, 0, 2, 5], "texture": "#side", "cullface": "north"},
				"east": {"uv": [0, 0, 16, 5], "texture": "#side", "cullface": "east"},
				"south": {"uv": [14, 0, 16, 5], "texture": "#side", "cullface": "south"},
				"west": {"uv": [0, 0, 16, 5], "texture": "#side", "cullface": "up"},
				"up": {"uv": [14, 0, 16, 16], "texture": "#top", "cullface": "up"}
			}
		},
		{
			"from": [2, 11, 0],
			"to": [14, 16, 2],
			"faces": {
				"north": {"uv": [2, 0, 14, 5], "texture": "#side", "cullface": "north"},
				"south": {"uv": [2, 0, 14, 5], "texture": "#side", "cullface": "up"},
				"up": {"uv": [2, 0, 14, 2], "texture": "#top", "cullface": "up"}
			}
		},
		{
			"from": [2, 11, 14],
			"to": [14, 16, 16],
			"faces": {
				"north": {"uv": [2, 0, 14, 5], "texture": "#side", "cullface": "up"},
				"south": {"uv": [2, 0, 14, 5], "texture": "#side", "cullface": "south"},
				"up": {"uv": [2, 14, 14, 16], "texture": "#top", "cullface": "up"}
			}
		},
		{
			"from": [4, 4, 4],
			"to": [12, 10, 12],
			"faces": {
				"north": {"uv": [4, 10, 12, 16], "texture": "#side"},
				"east": {"uv": [4, 10, 12, 16], "texture": "#side"},
				"south": {"uv": [4, 10, 12, 16], "texture": "#side"},
				"west": {"uv": [4, 10, 12, 16], "texture": "#side"},
				"down": {"uv": [0, 0, 16, 16], "texture": "#side"}
			}
		},
		{
			"from": [3, 6, 3],
			"to": [13, 7, 13],
			"faces": {
				"north": {"uv": [3, 15, 13, 16], "texture": "#side"},
				"east": {"uv": [3, 15, 13, 16], "texture": "#side"},
				"south": {"uv": [3, 15, 13, 16], "texture": "#side"},
				"west": {"uv": [3, 15, 13, 16], "texture": "#side"},
				"up": {"uv": [0, 0, 16, 16], "texture": "#side"},
				"down": {"uv": [0, 0, 16, 16], "texture": "#side"}
			}
		},
		{
			"from": [6, 4, 0],
			"to": [10, 8, 4],
			"faces": {
				"north": {"uv": [0, 0, 16, 16], "texture": "#top", "cullface": "north"},
				"east": {"uv": [12, 6, 16, 10], "texture": "#side"},
				"west": {"uv": [0, 6, 4, 10], "texture": "#side"},
				"up": {"uv": [6, 0, 10, 4], "texture": "#side"},
				"down": {"uv": [6, 12, 10, 16], "texture": "#side"}
			}
		},
		{
			"from": [6, 4, 0.5],
			"to": [10, 8, 0.5],
			"faces": {
				"north": {"uv": [4, 4, 12, 12], "texture": "#inside", "cullface": "north"},
				"east": {"uv": [15, 8, 15, 12], "texture": "#side"},
				"west": {"uv": [1, 8, 1, 12], "texture": "#side"},
				"up": {"uv": [6, 1, 10, 1], "texture": "#side"},
				"down": {"uv": [6, 15, 10, 15], "texture": "#side"}
			}
		}

    ]
}
