{
"credit": "Asp_Blackhole",

"ambientocclusion": false,

	"textures": {
		"particle": "block/lily_pad",
		"texture": "block/lily_pad",
		"flower": "block/lily_pad_flower1"
		},

	"elements": [
		{
			"name": "Lily pad",
			"from": [0, 0.10, 0],
			"to": [16, 0.10, 16],
"rotation": {"angle": 0, "axis": "y", "origin": [8, 0.25, 8]},
"faces": {
"up": {"uv": [16, 0, 0, 16], "texture": "#texture", "tintindex": 0},
"down": {"uv": [16, 16, 0, 0], "texture": "#texture", "tintindex": 0}
}},
		{
			"name": "Flower1",
			"from": [0, -5.60, 8],
			"to": [16, 10.10, 8],
"rotation": {"angle": -45, "axis": "y", "origin": [8, 2.25, 8]},
"faces": {
"north": {"uv": [0, 0, 16, 16], "texture": "#flower"},
"south": {"uv": [0, 0, 16, 16], "texture": "#flower"}
}},
		{
			"name": "Flower2",
			"from": [0, -5.60, 8],
			"to": [16, 10.10, 8],
"rotation": {"angle": 45, "axis": "y", "origin": [8, 2.25, 8]},
"faces": {
"north": {"uv": [0, 0, 16, 16], "texture": "#flower"},"south": {"uv": [0, 0, 16, 16], "texture": "#flower"}
}}

	]
}
