{
  "parent": "block/block",
  "textures": {
		"0": "block/potato_portal",
		"1": "block/stone",
		"particle": "block/potato_portal"
	},
	"elements": [
		{
			"from": [7, 12, 6],
			"to": [10, 13, 9],
			"faces": {
				"north": {"uv": [3, 11, 8, 13], "texture": "#0"},
				"east": {"uv": [2, 4, 7, 6], "texture": "#0"},
				"south": {"uv": [11, 3, 16, 5], "texture": "#0"},
				"west": {"uv": [3, 6, 8, 8], "texture": "#0"},
				"up": {"uv": [0, 0, 3, 3], "texture": "#missing"},
				"down": {"uv": [1, 1, 7, 7], "texture": "#0"}
			}
		},
		{
			"from": [6, 13, 5],
			"to": [10, 17, 9],
			"faces": {
				"north": {"uv": [0, 0, 7, 7], "texture": "#0"},
				"east": {"uv": [4, 8, 11, 15], "texture": "#0"},
				"south": {"uv": [9, 9, 16, 16], "texture": "#0"},
				"west": {"uv": [2, 6, 11, 15], "texture": "#0"},
				"up": {"uv": [6, 4, 14, 12], "texture": "#0"},
				"down": {"uv": [0, 0, 8, 8], "texture": "#0"}
			}
		},
		{
			"from": [6, 17, 5],
			"to": [9, 18, 8],
			"faces": {
				"north": {"uv": [3, 9, 8, 11], "texture": "#0"},
				"east": {"uv": [7, 4, 12, 6], "texture": "#0"},
				"south": {"uv": [4, 6, 9, 8], "texture": "#0"},
				"west": {"uv": [3, 6, 8, 8], "texture": "#0"},
				"up": {"uv": [0, 0, 8, 8], "texture": "#0"}
			}
		},
		{
			"from": [5, 9, 5],
			"to": [10, 10, 10],
			"faces": {
				"north": {"uv": [3, 11, 8, 13], "texture": "#1"},
				"east": {"uv": [8, 7, 13, 9], "texture": "#1"},
				"south": {"uv": [11, 3, 16, 5], "texture": "#1"},
				"west": {"uv": [3, 6, 8, 8], "texture": "#1"},
				"up": {"uv": [4, 3, 9, 8], "texture": "#1"},
				"down": {"uv": [1, 1, 7, 7], "texture": "#1"}
			}
		},
		{
			"from": [5, 7, 5],
			"to": [10, 8, 10],
			"faces": {
				"north": {"uv": [8, 9, 13, 11], "texture": "#1"},
				"east": {"uv": [2, 4, 7, 6], "texture": "#1"},
				"south": {"uv": [1, 7, 6, 9], "texture": "#1"},
				"west": {"uv": [5, 2, 10, 4], "texture": "#1"},
				"up": {"uv": [3, 6, 8, 11], "texture": "#1"},
				"down": {"uv": [5, 4, 11, 10], "texture": "#1"}
			}
		}
	]
}
