{
"credit": "Asp_Blackhole",

"ambientocclusion": false,

	"textures": {
		"particle": "block/flower_pot",
		"flowerpot": "block/flower_pot",
		"sand": "block/sand",
		"bamboo": "block/bamboo_stalk",
		"leaf": "block/bamboo_singleleaf"
	},

	"elements": [
		{
			"name": "Pot_o",
			"from": [5, 0, 5],
			"to": [6, 6, 11],
"rotation": {"angle": 0, "axis": "y", "origin": [5.5, 3, 8]},
"faces": {
"north": {"uv": [10, 10, 11, 16], "texture": "#flowerpot"},
"east": {"uv": [5, 10, 11, 16], "texture": "#flowerpot"},
"south": {"uv": [5, 10, 6, 16], "texture": "#flowerpot"},
"west": {"uv": [5, 10, 11, 16], "texture": "#flowerpot"},
"up": {"uv": [5, 5, 6, 11], "texture": "#flowerpot"},
"down": {"uv": [5, 5, 6, 11], "texture": "#flowerpot"}
}},
		{
			"name": "Pot_n",
			"from": [6, 0, 5],
			"to": [10, 6, 6],
"rotation": {"angle": 0, "axis": "y", "origin": [8, 3, 5.5]},
"faces": {
"north": {"uv": [6, 10, 10, 16], "texture": "#flowerpot"},
"south": {"uv": [6, 10, 10, 16], "texture": "#flowerpot"},
"up": {"uv": [6, 5, 10, 6], "texture": "#flowerpot"},
"down": {"uv": [6, 10, 10, 11], "texture": "#flowerpot"}
}},
		{
			"name": "Pot_e",
			"from": [10, 0, 5],
			"to": [11, 6, 11],
"rotation": {"angle": 0, "axis": "y", "origin": [10.5, 3, 8]},
"faces": {
"north": {"uv": [5, 10, 6, 16], "texture": "#flowerpot"},
"east": {"uv": [5, 10, 11, 16], "texture": "#flowerpot"},
"south": {"uv": [10, 10, 11, 16], "texture": "#flowerpot"},
"west": {"uv": [5, 10, 11, 16], "texture": "#flowerpot"},
"up": {"uv": [10, 5, 11, 11], "texture": "#flowerpot"},
"down": {"uv": [10, 5, 11, 11], "texture": "#flowerpot"}
}},
		{
			"name": "Pot_s",
			"from": [6, 0, 10],
			"to": [10, 6, 11],
"rotation": {"angle": 0, "axis": "y", "origin": [8, 3, 10.5]},
"faces": {
"north": {"uv": [6, 10, 10, 16], "texture": "#flowerpot"},
"south": {"uv": [6, 10, 10, 16], "texture": "#flowerpot"},
"up": {"uv": [6, 10, 10, 11], "texture": "#flowerpot"},
"down": {"uv": [6, 5, 10, 6], "texture": "#flowerpot"}
}},
		{
			"name": "Pot_bottom",
			"from": [6, 0, 6],
			"to": [10, 0, 10],
"rotation": {"angle": 0, "axis": "y", "origin": [8, 0, 8]},
"faces": {
"down": {"uv": [10, 15, 11, 16], "texture": "#flowerpot"}
}},
		{
			"name": "Sand",
			"from": [6, 5, 6],
			"to": [10, 5, 10],
"rotation": {"angle": 0, "axis": "y", "origin": [8, 5, 8]},
"faces": {
"up": {"uv": [5, 6, 9, 10], "texture": "#sand"}
}},
		{
			"name": "Bamboo_1a",
			"from": [7, 4, 6],
			"to": [8, 9, 7],
"rotation": {"angle": 0, "axis": "y", "origin": [7.5, 6.5, 6.5]},
"faces": {
"north": {"uv": [8, 7, 9, 12], "texture": "#bamboo"},
"east": {"uv": [6, 7, 7, 12], "texture": "#bamboo"},
"south": {"uv": [9, 9, 10, 14], "texture": "#bamboo"},
"west": {"uv": [7, 7, 8, 12], "texture": "#bamboo"},
"up": {"uv": [9, 13, 10, 14], "texture": "#bamboo"}
}},
		{
			"name": "Bamboo_1b",
			"from": [5, 8, 6],
			"to": [7, 9, 7],
"rotation": {"angle": 0, "axis": "y", "origin": [6, 8.5, 6.5]},
"faces": {
"north": {"uv": [6, 4, 8, 5], "texture": "#bamboo"},
"east": {"uv": [5, 11, 6, 12], "texture": "#bamboo"},
"south": {"uv": [4, 13, 6, 14], "texture": "#bamboo"},
"west": {"uv": [4, 11, 5, 12], "texture": "#bamboo"},
"up": {"uv": [8, 13, 10, 14], "texture": "#bamboo"},
"down": {"uv": [1, 10, 3, 11], "texture": "#bamboo"}
}},
		{
			"name": "Bamboo_1c",
			"from": [5, 8, 5],
			"to": [6, 12, 6],
"rotation": {"angle": 0, "axis": "y", "origin": [5.5, 10, 5.5]},
"faces": {
"north": {"uv": [6, 7, 7, 11], "texture": "#bamboo"},
"east": {"uv": [5, 5, 6, 9], "texture": "#bamboo"},
"south": {"uv": [3, 5, 4, 9], "texture": "#bamboo"},
"west": {"uv": [8, 7, 9, 11], "texture": "#bamboo"},
"up": {"uv": [9, 13, 10, 14], "texture": "#bamboo"},
"down": {"uv": [3, 11, 4, 12], "texture": "#bamboo"}
}},
		{
			"name": "Bamboo_1d",
			"from": [5, 11, 6],
			"to": [8, 12, 7],
"rotation": {"angle": 0, "axis": "y", "origin": [6.5, 11.5, 6.5]},
"faces": {
"north": {"uv": [5, 4, 8, 5], "texture": "#bamboo"},
"east": {"uv": [7, 5, 8, 6], "texture": "#bamboo"},
"south": {"uv": [5, 5, 8, 6], "texture": "#bamboo"},
"west": {"uv": [8, 12, 9, 13], "texture": "#bamboo"},
"up": {"uv": [7, 5, 10, 6], "texture": "#bamboo"},
"down": {"uv": [3, 10, 6, 11], "texture": "#bamboo"}
}},
		{
			"name": "Bamboo_1e",
			"from": [7, 11, 5],
			"to": [8, 15, 6],
"rotation": {"angle": 0, "axis": "y", "origin": [7.5, 13, 5.5]},
"faces": {
"north": {"uv": [6, 2, 7, 5], "texture": "#bamboo"},
"east": {"uv": [7, 12, 8, 15], "texture": "#bamboo"},
"south": {"uv": [11, 5, 12, 8], "texture": "#bamboo"},
"west": {"uv": [9, 12, 10, 15], "texture": "#bamboo"},
"up": {"uv": [6, 12, 7, 13], "texture": "#bamboo"},
"down": {"uv": [6, 14, 7, 15], "texture": "#bamboo"}
}},
		{
			"name": "Bamboo_2a",
			"from": [9, 4, 9],
			"to": [10, 14, 10],
"rotation": {"angle": 0, "axis": "y", "origin": [9.5, 9, 9.5]},
"faces": {
"north": {"uv": [3, 3, 4, 13], "texture": "#bamboo"},
"east": {"uv": [7, 5, 8, 15], "texture": "#bamboo"},
"south": {"uv": [8, 5, 9, 15], "texture": "#bamboo"},
"west": {"uv": [3, 3, 4, 13], "texture": "#bamboo"},
"up": {"uv": [9, 6, 10, 7], "texture": "#bamboo"}
}},
		{
			"name": "Bamboo_2b",
			"from": [9, 10, 8],
			"to": [12, 11, 9],
			"rotation": {"angle": 0, "axis": "y", "origin": [10.5, 10.5, 8.5]},
"faces": {
"north": {"uv": [7, 4, 10, 5], "texture": "#bamboo"},
"east": {"uv": [5, 3, 6, 4], "texture": "#bamboo"},
"south": {"uv": [5, 4, 8, 5], "texture": "#bamboo"},
"west": {"uv": [5, 11, 6, 12], "texture": "#bamboo"},
"up": {"uv": [7, 4, 8, 7], "rotation": 270, "texture": "#bamboo"},
"down": {"uv": [1, 8, 2, 11], "rotation": 90, "texture": "#bamboo"}
}},
		{
			"name": "Bamboo_2c",
			"from": [11, 11, 8],
			"to": [12, 16, 9],
"rotation": {"angle": 0, "axis": "y", "origin": [11.5, 13.5, 8.5]},
"faces": {
"north": {"uv": [5, 4, 6, 9], "texture": "#bamboo"},
"east": {"uv": [6, 6, 7, 11], "texture": "#bamboo"},
"south": {"uv": [5, 4, 6, 9], "texture": "#bamboo"},
"west": {"uv": [8, 6, 9, 11], "texture": "#bamboo"},
"up": {"uv": [10, 8, 11, 9], "texture": "#bamboo"},
"down": {"uv": [6, 12, 7, 13], "texture": "#bamboo"}
}},
		{
			"name": "Bamboo_3a",
			"from": [7, 4, 8],
			"to": [8, 10, 9],
"rotation": {"angle": 0, "axis": "y", "origin": [7.5, 7, 8.5]},
"faces": {
"north": {"uv": [6, 8, 7, 14], "texture": "#bamboo"},
"east": {"uv": [3, 6, 4, 12], "texture": "#bamboo"},
"south": {"uv": [7, 8, 8, 14], "texture": "#bamboo"},
"west": {"uv": [7, 8, 8, 14], "texture": "#bamboo"},
"up": {"uv": [7, 13, 8, 14], "texture": "#bamboo"}
}},
		{
			"name": "Leaf_1",
			"from": [7.35719, 7, 5.71372],
			"to": [11.35719, 10, 5.71372],
"rotation": {"angle": 22.5, "axis": "y", "origin": [9.35719, 8.5, 5.71372]},
"faces": {
"north": {"uv": [0, 0, 7, 6], "texture": "#leaf"},
"south": {"uv": [7, 0, 0, 6], "texture": "#leaf"}
}},
		{
			"name": "Leaf_2",
			"from": [6.16585, 12, 0.75178],
			"to": [6.16585, 16, 5.75178],
"rotation": {"angle": 22.5, "axis": "y", "origin": [6.16585, 14, 3.25178]},
"faces": {
"east": {"uv": [7, 0, 0, 6], "texture": "#leaf"},
"west": {"uv": [0, 0, 7, 6], "texture": "#leaf"}
}},
		{
			"name": "Leaf_3",
			"from": [11.35719, 13, 9.71372],
			"to": [15.35719, 16, 9.71372],
"rotation": {"angle": -45, "axis": "y", "origin": [13.35719, 14.5, 9.71372]},
"faces": {
"north": {"uv": [0, 0, 7, 6], "texture": "#leaf"},
"south": {"uv": [7, 0, 0, 6], "texture": "#leaf"}
}},
		{
			"name": "Leaf_4",
			"from": [6.75, 9, 8],
			"to": [6.75, 12, 12],
"rotation": {"angle": -22.5, "axis": "y", "origin": [6.35719, 10.5, 9.71372]},
"faces": {
"east": {"uv": [0, 0, 7, 6], "texture": "#leaf"},
"west": {"uv": [7, 0, 0, 6], "texture": "#leaf"}
}}

	]
}
