{
"credit": "Asp_Blackhole",

"ambientocclusion": false,

	"textures": {
		"particle": "block/flower_pot",
		"flowerpot": "block/flower_pot",
		"sand": "block/sand",
		"cactus": "block/cactus_side"
	},

	"elements": [
		{
			"name": "Pot_o",
			"from": [5, 0, 5],
			"to": [6, 6, 11],
"rotation": {"angle": 0, "axis": "y", "origin": [5.5, 3, 8]},
"faces": {
"north": {"uv": [10, 10, 11, 16], "texture": "#flowerpot"},
"east": {"uv": [5, 10, 11, 16], "texture": "#flowerpot"},
"south": {"uv": [5, 10, 6, 16], "texture": "#flowerpot"},
"west": {"uv": [5, 10, 11, 16], "texture": "#flowerpot"},
"up": {"uv": [5, 5, 6, 11], "texture": "#flowerpot"},
"down": {"uv": [5, 5, 6, 11], "texture": "#flowerpot", "cullface": "down"}
}},
		{
			"name": "Pot_n",
			"from": [6, 0, 5],
			"to": [10, 6, 6],
"rotation": {"angle": 0, "axis": "y", "origin": [8, 3, 5.5]},
"faces": {
"north": {"uv": [6, 10, 10, 16], "texture": "#flowerpot"},
"south": {"uv": [6, 10, 10, 16], "texture": "#flowerpot"},
"up": {"uv": [6, 5, 10, 6], "texture": "#flowerpot"},
"down": {"uv": [6, 10, 10, 11], "texture": "#flowerpot", "cullface": "down"}
}},
		{
			"name": "Pot_e",
			"from": [10, 0, 5],
			"to": [11, 6, 11],
"rotation": {"angle": 0, "axis": "y", "origin": [10.5, 3, 8]},
"faces": {
"north": {"uv": [5, 10, 6, 16], "texture": "#flowerpot"},
"east": {"uv": [5, 10, 11, 16], "texture": "#flowerpot"},
"south": {"uv": [10, 10, 11, 16], "texture": "#flowerpot"},
"west": {"uv": [5, 10, 11, 16], "texture": "#flowerpot"},
"up": {"uv": [10, 5, 11, 11], "texture": "#flowerpot"},
"down": {"uv": [10, 5, 11, 11], "texture": "#flowerpot", "cullface": "down"}
}},
		{
			"name": "Pot_s",
			"from": [6, 0, 10],
			"to": [10, 6, 11],
"rotation": {"angle": 0, "axis": "y", "origin": [8, 3, 10.5]},
"faces": {
"north": {"uv": [6, 10, 10, 16], "texture": "#flowerpot"},
"south": {"uv": [6, 10, 10, 16], "texture": "#flowerpot"},
"up": {"uv": [6, 10, 10, 11], "texture": "#flowerpot"},
"down": {"uv": [6, 5, 10, 6], "texture": "#flowerpot", "cullface": "down"}
}},
		{
			"name": "Pot_bottom",
			"from": [6, 0, 6],
			"to": [10, 0, 10],
"rotation": {"angle": 0, "axis": "y", "origin": [8, 0, 8]},
"faces": {
"down": {"uv": [10, 15, 11, 16], "texture": "#flowerpot", "cullface": "down"}
}},
		{
			"name": "Sand",
			"from": [6, 5, 6],
			"to": [10, 5, 10],
"rotation": {"angle": 0, "axis": "y", "origin": [8, 5, 8]},
"faces": {
"up": {"uv": [6, 7, 10, 11], "texture": "#sand"}
}},
		{
			"name": "Cactus1",
			"from": [7, 4, 7],
			"to": [9, 9, 9],
"rotation": {"angle": 0, "axis": "y", "origin": [8, 6.5, 8]},
"faces": {
"north": {"uv": [7, 2, 9, 7], "texture": "#cactus"},
"east": {"uv": [11, 9, 13, 14], "texture": "#cactus"},
"south": {"uv": [12, 5, 14, 10], "texture": "#cactus"},
"west": {"uv": [7, 7, 9, 12], "texture": "#cactus"},
"up": {"uv": [9, 12, 11, 14], "texture": "#cactus"}
}},
		{
			"name": "Cactus2",
			"from": [8, 8, 8],
			"to": [11, 12, 11],
"rotation": {"angle": 0, "axis": "y", "origin": [9.5, 10, 9.5]},
"faces": {
"north": {"uv": [6, 2, 9, 6], "texture": "#cactus"},
"east": {"uv": [6, 3, 9, 7], "texture": "#cactus"},
"south": {"uv": [6, 6, 9, 10], "texture": "#cactus"},
"west": {"uv": [6, 3, 9, 7], "texture": "#cactus"},
"up": {"uv": [9, 12, 12, 15], "texture": "#cactus"},
"down": {"uv": [9, 12, 12, 15], "texture": "#cactus"}
}},
		{
			"name": "Cactus3",
			"from": [5, 11, 5],
			"to": [10, 17, 10],
"rotation": {"angle": 0, "axis": "y", "origin": [7.5, 14, 7.5]},
"faces": {
"north": {"uv": [5, 6, 10, 12], "texture": "#cactus"},
"east": {"uv": [3, 7, 8, 13], "texture": "#cactus"},
"south": {"uv": [3, 0, 8, 6], "texture": "#cactus"},
"west": {"uv": [3, 7, 8, 13], "texture": "#cactus"},
"up": {"uv": [6, 3, 10, 7], "texture": "#cactus"},
"down": {"uv": [6, 2, 11, 7], "texture": "#cactus"}
}}

	]
}
