{
    "parent": "block/block",
    "textures": {
        "particle": "block/scaffolding_top",
        "top": "block/scaffolding_top",
        "side": "block/scaffolding_side",
        "bottom": "block/scaffolding_bottom",
	  "plank": "block/oak_fence2"
    },
    "elements": [
        {
            "from": [0, 15.99, 0],
            "to": [16, 16, 16],
            "faces": {
                "up": { "texture": "#top", "cullface": "up" },
                "down": { "texture": "#top", "uv": [0, 16, 16, 0] }
            }
        },
        {
            "from": [0, 0, 0],
            "to": [2, 16, 2],
            "faces": {
                "north": { "texture": "#side", "cullface": "north" },
                "east": { "texture": "#side" },
                "south": { "texture": "#side" },
                "west": { "texture": "#side", "cullface": "west" },
                "down": { "texture": "#bottom", "cullface": "down" }
            }
        },
        {
            "from": [0, 0, 14],
            "to": [2, 16, 16],
            "faces": {
                "north": { "texture": "#side" },
                "east": { "texture": "#side" },
                "south": { "texture": "#side", "cullface": "south" },
                "west": { "texture": "#side", "cullface": "west" },
                "down": { "texture": "#bottom", "cullface": "down" }
            }
        },
        {
            "from": [14, 0, 14],
            "to": [16, 16, 16],
            "faces": {
                "north": { "texture": "#side" },
                "east": { "texture": "#side", "cullface": "east" },
                "south": { "texture": "#side", "cullface": "south" },
                "west": { "texture": "#side" },
                "down": { "texture": "#bottom", "cullface": "down" }
            }
        },
        {
            "from": [14, 0, 0],
            "to": [16, 16, 2],
            "faces": {
                "north": { "texture": "#side", "cullface": "north" },
                "east": { "texture": "#side", "cullface": "east" },
                "south": { "texture": "#side" },
                "west": { "texture": "#side" },
                "down": { "texture": "#bottom", "cullface": "down" }
            }
        },
        {
            "from": [2, 14, 0],
            "to": [14, 16, 2],
            "faces": {
                "north": { "texture": "#side", "cullface": "north" },
                "south": { "texture": "#side", "uv": [2, 2, 14, 4] },
                "down": { "texture": "#bottom" }
            }
        },
        {
            "from": [2, 14, 14],
            "to": [14, 16, 16],
            "faces": {
                "north": { "texture": "#side", "uv": [14, 0, 2, 2] },
                "south": { "texture": "#side", "cullface": "south" },
                "down": { "texture": "#bottom" }
            }
        },
        {
            "from": [14, 14, 2],
            "to": [16, 16, 14],
            "faces": {
                "east": { "texture": "#side", "uv": [14, 0, 2, 2], "cullface": "east" },
                "west": { "texture": "#side", "uv": [14, 2, 2, 4] },
                "down": { "texture": "#bottom" }
            }
        },
        {
            "from": [0, 14, 2],
            "to": [2, 16, 14],
            "faces": {
                "east": { "texture": "#side" },
                "west": { "texture": "#side", "uv": [14, 0, 2, 2], "cullface": "west" },
                "down": { "texture": "#bottom" }
            }
        },
        {
            "from": [0, 1.99, 0],
            "to": [16, 2, 16],
            "faces": {
                "up": { "texture": "#top"},
                "down": { "uv": [0, 16, 16, 0], "texture": "#top" }
            }
        },
        {
            "from": [2, 0, 0],
            "to": [14, 2, 2],
            "faces": {
                "north": { "texture": "#side", "uv": [2, 0, 14, 2] , "cullface": "north" },
                "south": { "texture": "#side", "uv": [2, 2, 14, 4] },
                "down": { "texture": "#bottom", "cullface": "bottom" }
            }
        },
        {
            "from": [2, 0, 14],
            "to": [14, 2, 16],
            "faces": {
                "north": { "texture": "#side", "uv": [14, 0, 2, 2] },
                "south": { "texture": "#side", "uv": [2, 0, 14, 2] , "cullface": "south" },
                "down": { "texture": "#bottom", "cullface": "bottom" }
            }
        },
        {
            "from": [14, 0, 2],
            "to": [16, 2, 14],
            "faces": {
                "east": { "texture": "#side", "uv": [14, 0, 2, 2], "cullface": "east"},
                "west": { "texture": "#side", "uv": [14, 2, 2, 4] },
                "down": { "texture": "#bottom", "cullface": "bottom" }
            }
        },
        {
            "from": [0, 0, 2],
            "to": [2, 2, 14],
            "faces": {
                "east": { "texture": "#side", "uv": [2, 0, 14, 2] },
                "west": { "texture": "#side", "uv": [14, 0, 2, 2], "cullface": "west" },
                "down": { "texture": "#bottom", "cullface": "bottom" }
			}
		},
		{
			"from": [0.90504, 5.63194, 1],
			"to": [14.90504, 7.63194, 1.75],
			"rotation": {"angle": 22.5, "axis": "z", "origin": [7.90504, 6.63194, 1.375]},
			"faces": {
				"north": {"uv": [1, 1, 15, 3], "texture": "#plank"},
				"east": {"uv": [0, 0, 1, 2], "texture": "#missing"},
				"south": {"uv": [1, 4, 15, 6], "texture": "#plank"},
				"west": {"uv": [0, 0, 1, 2], "texture": "#missing"},
				"up": {"uv": [1, 7, 15, 8], "texture": "#plank"},
				"down": {"uv": [1, 7, 15, 8], "texture": "#plank"}
			}
		},
		{
			"from": [1.24926, 5.82892, 14.25],
			"to": [15.24926, 7.82892, 15],
			"rotation": {"angle": -22.5, "axis": "z", "origin": [8.24926, 6.82892, 14.625]},
			"faces": {
				"north": {"uv": [1, 10, 15, 12], "texture": "#plank"},
				"east": {"uv": [0, 0, 1, 2], "texture": "#missing"},
				"south": {"uv": [1, 13, 15, 15], "texture": "#plank"},
				"west": {"uv": [0, 0, 1, 2], "texture": "#missing"},
				"up": {"uv": [1, 8, 15, 9], "texture": "#plank"},
				"down": {"uv": [1, 8, 15, 9], "texture": "#plank"}
			}
		},
		{
			"from": [1, 5.82892, 1.24926],
			"to": [1.75, 7.82892, 15.24926],
			"rotation": {"angle": 22.5, "axis": "x", "origin": [1.375, 6.82892, 8.24926]},
			"faces": {
				"north": {"uv": [0, 0, 1, 2], "texture": "#missing"},
				"east": {"uv": [1, 13, 15, 15], "texture": "#plank"},
				"south": {"uv": [0, 0, 1, 2], "texture": "#missing"},
				"west": {"uv": [1, 10, 15, 12], "texture": "#plank"},
				"up": {"uv": [1, 1, 2, 15], "texture": "#plank"},
				"down": {"uv": [1, 1, 2, 15], "texture": "#plank"}
			}
		},
		{
			"from": [14.25, 5.63194, 0.90504],
			"to": [15, 7.63194, 14.90504],
			"rotation": {"angle": -22.5, "axis": "x", "origin": [14.625, 6.63194, 7.90504]},
			"faces": {
				"north": {"uv": [0, 0, 1, 2], "texture": "#missing"},
				"east": {"uv": [1, 4, 15, 6], "texture": "#plank"},
				"south": {"uv": [0, 0, 1, 2], "texture": "#missing"},
				"west": {"uv": [1, 1, 15, 3], "texture": "#plank"},
				"up": {"uv": [14, 1, 15, 15], "texture": "#plank"},
				"down": {"uv": [14, 1, 15, 15], "texture": "#plank"}
			}
		}
	]
}