{   "parent": "block/block",
    
    "textures": {
        "particle": "#texture"
 },
	"elements": [
		{
			"name": "Left-hand post",
			"from": [0, 4, 7],
			"to": [2, 15, 9],
			"faces": {
				"north": {"uv": [0, 5, 2, 13], "texture": "#texture"},
				"east": {"uv": [0, 5, 2, 13], "texture": "#texture"},
				"south": {"uv": [0, 5, 2, 13], "texture": "#texture"},
				"west": {"uv": [0, 5, 2, 13], "texture": "#texture", "cullface": "west"},
				"up": {"uv": [6, 6, 10, 10], "texture": "#texture"},
				"down": {"uv": [6, 6, 10, 10], "texture": "#texture"}
			}
		},
		{
			"name": "Right-hand post",
			"from": [14, 4, 7],
			"to": [16, 15, 9],
			"faces": {
				"north": {"uv": [0, 5, 2, 13], "texture": "#texture"},
				"east": {"uv": [0, 5, 2, 13], "texture": "#texture", "cullface": "east"},
				"south": {"uv": [0, 5, 2, 13], "texture": "#texture"},
				"west": {"uv": [0, 5, 2, 13], "texture": "#texture"},
				"up": {"uv": [6, 6, 10, 10], "texture": "#texture"},
				"down": {"uv": [6, 6, 10, 10], "texture": "#texture"}
			}
		},
		{
			"name": "Inner vertical post of left-hand gate door",
			"from": [6, 5, 7],
			"to": [8, 14, 9],
			"faces": {
				"north": {"uv": [8, 4, 10, 12], "texture": "#texture"},
				"east": {"uv": [6, 4, 10, 12], "texture": "#texture"},
				"south": {"uv": [6, 4, 8, 12], "texture": "#texture"},
				"west": {"uv": [6, 4, 10, 12], "texture": "#texture"},
				"up": {"uv": [7, 7, 9, 9], "texture": "#texture"},
				"down": {"uv": [7, 7, 9, 9], "texture": "#texture"}
			}
		},
		{
			"name": "Inner vertical post of right-hand gate door",
			"from": [8, 5, 7],
			"to": [10, 14, 9],
			"faces": {
				"north": {"uv": [6, 4, 8, 12], "texture": "#texture"},
				"east": {"uv": [6, 4, 10, 12], "texture": "#texture"},
				"south": {"uv": [8, 4, 10, 12], "texture": "#texture"},
				"west": {"uv": [6, 4, 10, 12], "texture": "#texture"},
				"up": {"uv": [7, 7, 9, 9], "texture": "#texture"},
				"down": {"uv": [7, 7, 9, 9], "texture": "#texture"}
			}
		},
		{
			"name": "Lower horizontal bar of left-hand gate door",
			"from": [2, 5, 7],
			"to": [6, 8, 9],
			"faces": {
				"north": {"uv": [6, 7, 10, 9], "texture": "#texture"},
				"south": {"uv": [6, 7, 10, 9], "texture": "#texture"},
				"up": {"uv": [6, 7, 10, 9], "texture": "#texture"},
				"down": {"uv": [6, 7, 10, 9], "texture": "#texture"}
			}
		},
		{
			"name": "Upper horizontal bar of left-hand gate door",
			"from": [2, 11, 7],
			"to": [6, 14, 9],
			"faces": {
				"north": {"uv": [6, 7, 10, 9], "texture": "#texture"},
				"south": {"uv": [6, 7, 10, 9], "texture": "#texture"},
				"up": {"uv": [6, 7, 10, 9], "texture": "#texture"},
				"down": {"uv": [6, 7, 10, 9], "texture": "#texture"}
			}
		},
		{
			"name": "Lower horizontal bar of right-hand gate door",
			"from": [10, 5, 7],
			"to": [14, 8, 9],
			"faces": {
				"north": {"uv": [6, 7, 10, 9], "texture": "#texture"},
				"south": {"uv": [6, 7, 10, 9], "texture": "#texture"},
				"up": {"uv": [6, 7, 10, 9], "texture": "#texture"},
				"down": {"uv": [6, 7, 10, 9], "texture": "#texture"}
			}
		},
		{
			"name": "Upper horizontal bar of right-hand gate door",
			"from": [10, 11, 7],
			"to": [14, 14, 9],
			"faces": {
				"north": {"uv": [6, 7, 10, 9], "texture": "#texture"},
				"south": {"uv": [6, 7, 10, 9], "texture": "#texture"},
				"up": {"uv": [6, 7, 10, 9], "texture": "#texture"},
				"down": {"uv": [6, 7, 10, 9], "texture": "#texture"}
			}
		}
	],
	"display": {
		"gui": {
			"rotation": [30, 45, 0],
			"translation": [0, -1, 0],
			"scale": [0.8, 0.8, 0.8]
		},
		"head": {
			"translation": [0, -3, -6]
		}
	}
}
