{
    "ambientocclusion": false,
    "textures": {
        "particle": "#texture"
   },
	"elements": [
		{
			"name": "Left-hand post",
			"from": [0, 3, 7],
			"to": [2, 15, 9],
			"faces": {
				"north": {"uv": [0, 4, 2, 13], "texture": "#texture"},
				"east": {"uv": [1, 4, 3, 13], "texture": "#texture"},
				"south": {"uv": [0, 4, 2, 13], "texture": "#texture"},
				"west": {"uv": [1, 4, 3, 13], "texture": "#texture", "cullface": "west"},
				"up": {"uv": [6, 6, 10, 10], "texture": "#texture"},
				"down": {"uv": [6, 6, 10, 10], "texture": "#texture"}
			}
		},
		{
			"name": "Right-hand post",
			"from": [14, 3, 7],
			"to": [16, 15, 9],
			"faces": {
				"north": {"uv": [0, 4, 2, 13], "texture": "#texture"},
				"east": {"uv": [1, 4, 3, 13], "texture": "#texture", "cullface": "east"},
				"south": {"uv": [0, 4, 2, 13], "texture": "#texture"},
				"west": {"uv": [1, 4, 3, 13], "texture": "#texture"},
				"up": {"uv": [6, 6, 10, 10], "texture": "#texture"},
				"down": {"uv": [6, 6, 10, 10], "texture": "#texture"}
			}
		},
		{
			"name": "Inner vertical post of left-hand gate door",
			"from": [0, 4, 13],
			"to": [2, 13, 15],
			"faces": {
				"north": {"uv": [6, 4, 10, 12], "texture": "#texture"},
				"east": {"uv": [8, 4, 10, 12], "texture": "#texture"},
				"south": {"uv": [6, 4, 10, 12], "texture": "#texture"},
				"west": {"uv": [6, 4, 8, 12], "texture": "#texture"},
				"up": {"uv": [7, 7, 9, 9], "texture": "#texture"},
				"down": {"uv": [7, 7, 9, 9], "texture": "#texture"}
			}
		},
		{
			"name": "Inner vertical post of right-hand gate door",
			"from": [14, 4, 13],
			"to": [16, 13, 15],
			"faces": {
				"north": {"uv": [6, 4, 10, 12], "texture": "#texture"},
				"east": {"uv": [8, 4, 10, 12], "texture": "#texture"},
				"south": {"uv": [6, 4, 10, 12], "texture": "#texture"},
				"west": {"uv": [6, 4, 8, 12], "texture": "#texture"},
				"up": {"uv": [7, 7, 9, 9], "texture": "#texture"},
				"down": {"uv": [7, 7, 9, 9], "texture": "#texture"}
			}
		},
		{
			"name": "Lower horizontal bar of left-hand gate door",
			"from": [0, 4, 9],
			"to": [2, 7, 13],
			"faces": {
				"east": {"uv": [6, 7, 10, 9], "texture": "#texture"},
				"west": {"uv": [6, 7, 10, 9], "texture": "#texture"},
				"up": {"uv": [7, 6, 9, 10], "texture": "#texture"},
				"down": {"uv": [7, 6, 9, 10], "texture": "#texture"}
			}
		},
		{
			"name": "Upper horizontal bar of left-hand gate door",
			"from": [0, 10, 9],
			"to": [2, 13, 13],
			"faces": {
				"east": {"uv": [6, 7, 10, 9], "texture": "#texture"},
				"west": {"uv": [6, 7, 10, 9], "texture": "#texture"},
				"up": {"uv": [7, 6, 9, 10], "texture": "#texture"},
				"down": {"uv": [7, 6, 9, 10], "texture": "#texture"}
			}
		},
		{
			"name": "Lower horizontal bar of left-hand gate door",
			"from": [14, 4, 9],
			"to": [16, 7, 13],
			"faces": {
				"east": {"uv": [6, 7, 10, 9], "texture": "#texture"},
				"west": {"uv": [6, 7, 10, 9], "texture": "#texture"},
				"up": {"uv": [7, 6, 9, 10], "texture": "#texture"},
				"down": {"uv": [7, 6, 9, 10], "texture": "#texture"}
			}
		},
		{
			"name": "Upper horizontal bar of left-hand gate door",
			"from": [14, 10, 9],
			"to": [16, 13, 13],
			"faces": {
				"east": {"uv": [6, 7, 10, 9], "texture": "#texture"},
				"west": {"uv": [6, 7, 10, 9], "texture": "#texture"},
				"up": {"uv": [7, 6, 9, 10], "texture": "#texture"},
				"down": {"uv": [7, 6, 9, 10], "texture": "#texture"}
			}
		}
	]
}
