{
    "parent": "block/block",
    "ambientocclusion": false,
    "textures": {
        "particle": "block/azalea_plant",
        "plant": "block/azalea_plant",
    	   "bushy": "block/azalea_plant_bushy"
    },
    "elements": [
        {   "from": [ 0, 16, 0 ],
            "to": [ 16, 16, 16 ],
            "faces": {
                "down":  { "uv": [ 16,  16, 0, 0 ], "texture": "#top", "tintindex": -1 },
                "up":    { "uv": [ 0,  0, 16, 16 ], "texture": "#top", "tintindex": -1 }
            }
        },
        {   "from": [ 0, 5, 0 ],
            "to": [ 16, 16, 0 ],
            "faces": {
                "north": { "uv": [ 0, 0, 16, 10 ], "texture": "#side", "tintindex": -1 },
                "south": { "uv": [ 0, 0, 16, 10 ], "texture": "#side", "tintindex": -1 }
            }
        },
        {   "from": [ 0, 5, 16 ],
            "to": [ 16, 16, 16 ],
            "faces": {
                "north": { "uv": [ 0, 0, 16, 10 ], "texture": "#side", "tintindex": -1 },
                "south": { "uv": [ 0, 0, 16, 10 ], "texture": "#side", "tintindex": -1 }
            }
        },
        {   "from": [ 0, 5, 0 ],
            "to": [ 0, 16, 16 ],
            "faces": {
                "west":  { "uv": [ 16, 0, 0, 10 ], "texture": "#side", "tintindex": -1 },
                "east":  { "uv": [ 0, 0, 16, 10 ], "texture": "#side", "tintindex": -1 }
            }
        },
        {   "from": [ 16, 5, 0 ],
            "to": [ 16, 16, 16 ],
            "faces": {
                "west":  { "uv": [ 16, 0, 0, 10 ], "texture": "#side", "tintindex": -1 },
                "east":  { "uv": [ 0, 0, 16, 10 ], "texture": "#side", "tintindex": -1 }
            }
        },
        {   "from": [ 0.8, 0, 8 ],
            "to": [ 15.2, 15.8, 8 ],
            "rotation": { "origin": [ 8, 8, 8 ], "axis": "y", "angle": 45, "rescale": true },
            "faces": {
                "north": { "uv": [ 0, 0, 16, 16 ], "texture": "#plant", "tintindex": -1 },
                "south": { "uv": [ 0, 0, 16, 16 ], "texture": "#plant", "tintindex": -1 }
            }
        },
        {   "from": [ 8, 0, 0.8 ],
            "to": [ 8, 15.8, 15.2 ],
            "rotation": { "origin": [ 8, 8, 8 ], "axis": "y", "angle": 45, "rescale": true },
            "faces": {
                "west": { "uv": [ 0, 0, 16, 16 ], "texture": "#plant", "tintindex": -1 },
                "east": { "uv": [ 0, 0, 16, 16 ], "texture": "#plant", "tintindex": -1 }
            }
   },
    {
      "from": [ 14, -8, -7 ],
      "to": [ 14, 30, 25 ],
      "shade": false,
      "rotation": { "origin": [ 14.125, -8, -6.8125 ], "axis": "y", "angle": -22.5 },
      "faces": {
        "west":  { "uv": [ 0, 0, 16, 16 ], "texture": "#bushy", "tintindex":-1 },
        "east":  { "uv": [ 0, 0, 16, 16 ], "texture": "#bushy", "tintindex":-1 }
      }
    },
    {
      "from": [ -7, -8, 2 ],
      "to": [ 25, 30, 2 ],
      "shade": false,
      "rotation": { "origin": [ -6.8125, -8, 1.875 ], "axis": "y", "angle": -22.5 },
      "faces": {
        "north": { "uv": [ 0, 0, 16, 16 ], "texture": "#bushy", "tintindex":-1 },
        "south": { "uv": [ 0, 0, 16, 16 ], "texture": "#bushy", "tintindex":-1 }
      }
    }

    ]
}
