{
    "textures": {
        "particle": "#texture"
    },
	"elements": [
		{
			"name": "Left-hand post",
			"from": [0, 4, 7],
			"to": [2, 15, 9],
			"faces": {
				"north": {"uv": [0, 5, 2, 13], "texture": "#texture"},
				"east": {"uv": [1, 5, 3, 13], "texture": "#texture"},
				"south": {"uv": [0, 5, 2, 13], "texture": "#texture"},
				"west": {"uv": [1, 5, 3, 13], "texture": "#texture", "cullface": "west"},
				"up": {"uv": [6, 6, 10, 10], "texture": "#texture"},
				"down": {"uv": [6, 6, 10, 10], "texture": "#texture"}
			}
		},
		{
			"name": "Right-hand post",
			"from": [14, 4, 7],
			"to": [16, 15, 9],
			"faces": {
				"north": {"uv": [0, 5, 2, 13], "texture": "#texture"},
				"east": {"uv": [1, 5, 3, 13], "texture": "#texture", "cullface": "east"},
				"south": {"uv": [0, 5, 2, 13], "texture": "#texture"},
				"west": {"uv": [1, 5, 3, 13], "texture": "#texture"},
				"up": {"uv": [6, 6, 10, 10], "texture": "#texture"},
				"down": {"uv": [6, 6, 10, 10], "texture": "#texture"}
			}
		},
		{
			"name": "Inner vertical post of left-hand gate door",
			"from": [0, 5, 13],
			"to": [2, 14, 15],
			"faces": {
				"north": {"uv": [6, 4, 10, 12], "texture": "#texture"},
				"east": {"uv": [8, 4, 10, 12], "texture": "#texture"},
				"south": {"uv": [6, 4, 10, 12], "texture": "#texture"},
				"west": {"uv": [6, 4, 8, 12], "texture": "#texture"},
				"up": {"uv": [7, 7, 9, 9], "texture": "#texture"},
				"down": {"uv": [7, 7, 9, 9], "texture": "#texture"}
			}
		},
		{
			"name": "Inner vertical post of right-hand gate door",
			"from": [14, 5, 13],
			"to": [16, 14, 15],
			"faces": {
				"north": {"uv": [6, 4, 10, 12], "texture": "#texture"},
				"east": {"uv": [8, 4, 10, 12], "texture": "#texture"},
				"south": {"uv": [6, 4, 10, 12], "texture": "#texture"},
				"west": {"uv": [6, 4, 8, 12], "texture": "#texture"},
				"up": {"uv": [7, 7, 9, 9], "texture": "#texture"},
				"down": {"uv": [7, 7, 9, 9], "texture": "#texture"}
			}
		},
		{
			"name": "Lower horizontal bar of left-hand gate door",
			"from": [0, 5, 9],
			"to": [2, 8, 13],
			"faces": {
				"east": {"uv": [6, 7, 10, 9], "texture": "#texture"},
				"west": {"uv": [6, 7, 10, 9], "texture": "#texture"},
				"up": {"uv": [7, 6, 9, 10], "texture": "#texture"},
				"down": {"uv": [7, 6, 9, 10], "texture": "#texture"}
			}
		},
		{
			"name": "Upper horizontal bar of left-hand gate door",
			"from": [0, 11, 9],
			"to": [2, 14, 13],
			"faces": {
				"east": {"uv": [6, 7, 10, 9], "texture": "#texture"},
				"west": {"uv": [6, 7, 10, 9], "texture": "#texture"},
				"up": {"uv": [7, 6, 9, 10], "texture": "#texture"},
				"down": {"uv": [7, 6, 9, 10], "texture": "#texture"}
			}
		},
		{
			"name": "Lower horizontal bar of left-hand gate door",
			"from": [14, 5, 9],
			"to": [16, 8, 13],
			"faces": {
				"east": {"uv": [6, 7, 10, 9], "texture": "#texture"},
				"west": {"uv": [6, 7, 10, 9], "texture": "#texture"},
				"up": {"uv": [7, 6, 9, 10], "texture": "#texture"},
				"down": {"uv": [7, 6, 9, 10], "texture": "#texture"}
			}
		},
		{
			"name": "Upper horizontal bar of left-hand gate door",
			"from": [14, 11, 9],
			"to": [16, 14, 13],
			"faces": {
				"east": {"uv": [6, 7, 10, 9], "texture": "#texture"},
				"west": {"uv": [6, 7, 10, 9], "texture": "#texture"},
				"up": {"uv": [7, 6, 9, 10], "texture": "#texture"},
				"down": {"uv": [7, 6, 9, 10], "texture": "#texture"}
			}
		}
	]
}
