{
  "variants":{
		"axis=x":[
		{ "model": "minecraft:block/birch_log", "x": 90, "y": 90 }
						
	],
		"axis=y":[
		{ "model": "minecraft:block/birch_log", "weight":100},
		{ "model": "minecraft:block/birch_log_mush1", "weight":4},
		{ "model": "minecraft:block/birch_log_mush2", "weight":4},
		{ "model": "minecraft:block/birch_log_mush3", "weight":4},
		{ "model": "minecraft:block/birch_log_mush4", "weight":4},
		{ "model": "minecraft:block/birch_log_mush5", "weight":4},
		{ "model": "minecraft:block/birch_log_mush6", "weight":4},
		{ "model": "minecraft:block/birch_log_mush7", "weight":4},
		{ "model": "minecraft:block/birch_log_mush8", "weight":4}
	],
		"axis=z": [
		{ "model": "minecraft:block/birch_log","x": 90 }
	]
  }
}