{
  "variants": {
    "": [
      { "model": "minecraft:block/dirt_path", "weight": 15 },
      { "model": "minecraft:block/dirt_path0" },
      { "model": "minecraft:block/dirt_path1" },
      { "model": "minecraft:block/dirt_path2" },

      { "model": "minecraft:block/dirt_path", "y": 90, "weight": 15 },
      { "model": "minecraft:block/dirt_path0", "y": 90 },
      { "model": "minecraft:block/dirt_path1", "y": 90 },
      { "model": "minecraft:block/dirt_path2", "y": 90 },

      { "model": "minecraft:block/dirt_path", "y": 180, "weight": 15 },
      { "model": "minecraft:block/dirt_path0", "y": 180 },
      { "model": "minecraft:block/dirt_path1", "y": 180 },
      { "model": "minecraft:block/dirt_path2", "y": 180 },

      { "model": "minecraft:block/dirt_path", "y": 270, "weight": 15 },
      { "model": "minecraft:block/dirt_path0", "y": 270 },
      { "model": "minecraft:block/dirt_path1", "y": 270 },
      { "model": "minecraft:block/dirt_path2", "y": 270 }

    ]
  
}}