{
  "variants": {
    "": [
      { "model": "minecraft:block/dirt", "weight": 48 },
      { "model": "minecraft:block/dirt0" },
      { "model": "minecraft:block/dirt1" },
      { "model": "minecraft:block/dirt2" },
      { "model": "minecraft:block/dirt3" },
      { "model": "minecraft:block/dirt4" },
      { "model": "minecraft:block/dirt5" },
      { "model": "minecraft:block/dirt6" },
      { "model": "minecraft:block/dirt7" },
      { "model": "minecraft:block/dirt8" },
      { "model": "minecraft:block/dirt9" },

      { "model": "minecraft:block/dirt", "y": 90, "weight": 48 },
      { "model": "minecraft:block/dirt0", "y": 90 },
      { "model": "minecraft:block/dirt1", "y": 90 },
      { "model": "minecraft:block/dirt2", "y": 90 },
      { "model": "minecraft:block/dirt3", "y": 90 },
      { "model": "minecraft:block/dirt4", "y": 90 },
      { "model": "minecraft:block/dirt5", "y": 90 },
      { "model": "minecraft:block/dirt6", "y": 90 },
      { "model": "minecraft:block/dirt7", "y": 90 },
      { "model": "minecraft:block/dirt8", "y": 90 },
      { "model": "minecraft:block/dirt9", "y": 90 },

      { "model": "minecraft:block/dirt", "y": 180, "weight": 48 },
      { "model": "minecraft:block/dirt0", "y": 180 },
      { "model": "minecraft:block/dirt1", "y": 180 },
      { "model": "minecraft:block/dirt2", "y": 180 },
      { "model": "minecraft:block/dirt3", "y": 180 },
      { "model": "minecraft:block/dirt4", "y": 180 },
      { "model": "minecraft:block/dirt5", "y": 180 },
      { "model": "minecraft:block/dirt6", "y": 180 },
      { "model": "minecraft:block/dirt7", "y": 180 },
      { "model": "minecraft:block/dirt8", "y": 180 },
      { "model": "minecraft:block/dirt9", "y": 180 },

      { "model": "minecraft:block/dirt", "y": 270, "weight": 48 },
      { "model": "minecraft:block/dirt0", "y": 270 },
      { "model": "minecraft:block/dirt1", "y": 270 },
      { "model": "minecraft:block/dirt2", "y": 270 },
      { "model": "minecraft:block/dirt3", "y": 270 },
      { "model": "minecraft:block/dirt4", "y": 270 },
      { "model": "minecraft:block/dirt5", "y": 270 },
      { "model": "minecraft:block/dirt6", "y": 270 },
      { "model": "minecraft:block/dirt7", "y": 270 },
      { "model": "minecraft:block/dirt8", "y": 270 },
      { "model": "minecraft:block/dirt9", "y": 270 }

    ]

}}