{
    "variants": {
        "": [
        { "model": "minecraft:block/lily_pad", "weight": 8 },
        { "model": "minecraft:block/lily_pad", "y": 90 },
        { "model": "minecraft:block/lily_pad", "y": 180 },
        { "model": "minecraft:block/lily_pad", "y": 270 },

        { "model": "block/lily_pad_flower1", "weight": 1 },
        { "model": "block/lily_pad_flower1", "y": 90 },
        { "model": "block/lily_pad_flower1", "y": 180 },
        { "model": "block/lily_pad_flower1", "y": 270 },

        { "model": "block/lily_pad_flower2", "weight": 1 },
        { "model": "block/lily_pad_flower2", "y": 90 },
        { "model": "block/lily_pad_flower2", "y": 180 },
        { "model": "block/lily_pad_flower2", "y": 270 }]
}}