{
  "variants": {
    "": [
      { "model": "minecraft:block/sand", "weight": 75 },
      { "model": "minecraft:block/sand0" },
      { "model": "minecraft:block/sand1" },
      { "model": "minecraft:block/sand2" },
      { "model": "minecraft:block/sand3" },
      { "model": "minecraft:block/sand4" },
      { "model": "minecraft:block/sand5" },
      { "model": "minecraft:block/sand6" },
      { "model": "minecraft:block/sand7" },
      { "model": "minecraft:block/sand8" },
      { "model": "minecraft:block/sand9" },

      { "model": "minecraft:block/sand", "y": 90, "weight": 75 },
      { "model": "minecraft:block/sand0", "y": 90 },
      { "model": "minecraft:block/sand1", "y": 90 },
      { "model": "minecraft:block/sand2", "y": 90 },
      { "model": "minecraft:block/sand3", "y": 90 },
      { "model": "minecraft:block/sand4", "y": 90 },
      { "model": "minecraft:block/sand5", "y": 90 },
      { "model": "minecraft:block/sand6", "y": 90 },
      { "model": "minecraft:block/sand7", "y": 90 },
      { "model": "minecraft:block/sand8", "y": 90 },
      { "model": "minecraft:block/sand9", "y": 90 },

      { "model": "minecraft:block/sand", "y": 90, "weight": 75 },
      { "model": "minecraft:block/sand0", "y": 180 },
      { "model": "minecraft:block/sand1", "y": 180 },
      { "model": "minecraft:block/sand2", "y": 180 },
      { "model": "minecraft:block/sand3", "y": 180 },
      { "model": "minecraft:block/sand4", "y": 180 },
      { "model": "minecraft:block/sand5", "y": 180 },
      { "model": "minecraft:block/sand6", "y": 180 },
      { "model": "minecraft:block/sand7", "y": 180 },
      { "model": "minecraft:block/sand8", "y": 180 },
      { "model": "minecraft:block/sand9", "y": 180 },

      { "model": "minecraft:block/sand", "y": 90, "weight": 75 },
      { "model": "minecraft:block/sand0", "y": 270 },
      { "model": "minecraft:block/sand1", "y": 270 },
      { "model": "minecraft:block/sand2", "y": 270 },
      { "model": "minecraft:block/sand3", "y": 270 },
      { "model": "minecraft:block/sand4", "y": 270 },
      { "model": "minecraft:block/sand5", "y": 270 },
      { "model": "minecraft:block/sand6", "y": 270 },
      { "model": "minecraft:block/sand7", "y": 270 },
      { "model": "minecraft:block/sand8", "y": 270 },
      { "model": "minecraft:block/sand9", "y": 270 }

    ]

  }}